Index_agg,Country or area,Country Code,ISO3 Alpha Code,ISO2 Alpha Code,City Code,Urban Agglomeration,Location type,Data,Sources,Statistical Concept,Note,Urban Population,Cluster
9,Algeria,12,DZA,DZ,20006,El Djazaïr  (Algiers),Capital,Urban agglomerations and capital cities,"Censuses of 1954, 1960, 1966, 1977, 1987, 1998 and 2008.",Urban Agglomeration,Refers to the Governorate of Grand Algiers.,Urban Population,0
16,Angola,24,AGO,AO,895000001,Benguela,Non-Capital,Urban agglomerations and capital cities,"Censuses of 1960, 1970 and 2014; Estimates for 1950 and 1983; UN Estimate for 1993.",Urban Agglomeration,"Estimate for 2014 refers to the urban population of the ""municipio"" of Benguela.",Urban Population,2
17,Angola,24,AGO,AO,204043,Cabinda,Non-Capital,Urban agglomerations and capital cities,"Censuses of 1960, 1970 and 2014; UN Estimate for 1993.",Urban Agglomeration,"Estimate for 2014 refers to the urban population of the ""municipio"" of Cabinda.",Urban Population,0
19,Angola,24,AGO,AO,20050,Huambo,Non-Capital,Urban agglomerations and capital cities,"Censuses of 1960, 1970 and 2014; Estimates for 1950, 1983 and 1993.",Urban Agglomeration,"Estimate for 2014 refers to the urban population of the ""municipio"" of Huambo.",Urban Population,0
20,Angola,24,AGO,AO,895000000,Lobito,Non-Capital,Urban agglomerations and capital cities,"Censuses of 1960, 1970 and 2014; Estimates for 1950 and 1983.",Urban Agglomeration,"Estimate for 2014 refers to the urban population of the ""municipio"" of Lobito.",Urban Population,2
21,Angola,24,AGO,AO,20049,Luanda,Capital,Urban agglomerations and capital cities,"Censuses of 1960, 1970, 1983 and 2014; Estimates for 1950, 1993 and 2018.",Urban Agglomeration,Estimate for 2014 refers to the urban population of the province of Luanda.,Urban Population,0
22,Angola,24,AGO,AO,204044,Lubango,Non-Capital,Urban agglomerations and capital cities,"Censuses of 1960, 1970 and 2014; Estimate for 1950; UN Estimate for 1993.",Urban Agglomeration,"Estimate for 2014 refers to the urban population of the ""municipio"" of Lubango.",Urban Population,0
23,Angola,24,AGO,AO,895000004,Malanje,Non-Capital,Urban agglomerations and capital cities,"Censuses of 1960, 1970 and 2014; Estimate for 1950.",Urban Agglomeration,"Estimate for 2014 refers to the urban population of the ""municipio"" of Malanje.",Urban Population,2
28,Argentina,32,ARG,AR,20058,Buenos Aires,Capital,Urban agglomerations and capital cities,"Censuses of 1960, 1970, 1980, 1991, 2001 and 2010; Estimate for 2017.",Urban Agglomeration,"Refers to Gran Buenos Aires. Data for 2001 and 2010 refer to the urban agglomeration including Buenos Aires city, 24 districts of Gran Buenos Aires and some districts of the suburbs.",Urban Population,0
29,Argentina,32,ARG,AR,20059,Córdoba,Non-Capital,Urban agglomerations and capital cities,"Censuses of 1960, 1970, 1980, 1991, 2001 and 2010; Estimate for 2016.",Urban Agglomeration,Refers to Gran Córdoba.,Urban Population,0
30,Argentina,32,ARG,AR,20063,Corrientes,Non-Capital,Urban agglomerations and capital cities,"Censuses of 1960, 1970, 1980, 1991 and 2001; Estimate for 2016.",Urban Agglomeration,Refers to Gran Corrientes.,Urban Population,0
31,Argentina,32,ARG,AR,20065,La Plata,Non-Capital,Urban agglomerations and capital cities,"Censuses of 1960, 1970, 1980, 1991, 2001 and 2010; Estimate for 2016.",Urban Agglomeration,Refers to Gran La Plata.,Urban Population,0
33,Argentina,32,ARG,AR,20068,Mendoza,Non-Capital,Urban agglomerations and capital cities,"Censuses of 1960, 1970, 1980, 1991, 2001 and 2010; Estimate for 2016.",Urban Agglomeration,Refers to Gran Mendoza.,Urban Population,0
36,Argentina,32,ARG,AR,20073,Resistencia,Non-Capital,Urban agglomerations and capital cities,"Censuses of 1960, 1970, 1980, 1991, 2001 and 2010; Estimate for 2016.",Urban Agglomeration,Refers to Gran Resistencia.,Urban Population,0
37,Argentina,32,ARG,AR,20075,Rosario,Non-Capital,Urban agglomerations and capital cities,"Censuses of 1960, 1970, 1980, 1991 and 2001; Estimate for 2016.",Urban Agglomeration,Refers to Gran Rosario.,Urban Population,0
39,Argentina,32,ARG,AR,20078,San Juan,Non-Capital,Urban agglomerations and capital cities,"Censuses of 1960, 1970, 1980, 1991, 2001 and 2010; Estimate for 2016.",Urban Agglomeration,Refers to Gran San Juan.,Urban Population,0
40,Argentina,32,ARG,AR,20081,San Miguel de Tucumán,Non-Capital,Urban agglomerations and capital cities,"Censuses of 1960, 1970, 1980, 1991, 2001 and 2010.",Urban Agglomeration,Refers to Gran San Miguel de Tucumán.,Urban Population,0
41,Argentina,32,ARG,AR,20084,San Salvador de Jujuy,Non-Capital,Urban agglomerations and capital cities,"Censuses of 1960, 1970, 1980, 1991 and 2001; Estimate for 2016.",Urban Agglomeration,Refers to Gran San Salvador de Jujuy.,Urban Population,0
42,Argentina,32,ARG,AR,20085,Santa Fe,Non-Capital,Urban agglomerations and capital cities,"Censuses of 1960, 1970, 1980, 1991, 2001 and 2010; Estimate for 2016.",Urban Agglomeration,Refers to Gran Santa Fe.,Urban Population,0
43,Argentina,32,ARG,AR,20086,Santiago Del Estero,Non-Capital,Urban agglomerations and capital cities,"Censuses of 1960, 1970, 1980, 1991 and 2001; Estimate for 2016.",Urban Agglomeration,"Refers to Santiago del Estero-La Banda, including the locality of El Zanjón.",Urban Population,0
46,Australia,36,AUS,AU,206171,Adelaide,Non-Capital,Urban agglomerations and capital cities,"Censuses of 1954, 1961 and 1966; Estimates for 1950, 1971, 1976, 1981, 1986, 1991, 1996, 2001, 2006, 2011 and 2016.",Metropolitan area,Refers to Significant Urban Areas as of 2001.,Urban Population,0
47,Australia,36,AUS,AU,206170,Brisbane,Non-Capital,Urban agglomerations and capital cities,"Censuses of 1954, 1961 and 1966; Estimates for 1950, 1971, 1976, 1981, 1986, 1991, 1996, 2001, 2006, 2011 and 2016.",Metropolitan area,Refers to Significant Urban Areas as of 2001.,Urban Population,0
48,Australia,36,AUS,AU,206175,Canberra,Capital,Urban agglomerations and capital cities,"Censuses of 1954, 1961 and 1966; Estimates for 1971, 1976, 1981, 1986, 1991, 1996, 2001, 2006, 2011 and 2016.",Metropolitan area,Refers to Significant Urban Areas as of 2001.,Urban Population,0
49,Australia,36,AUS,AU,895000015,Central Coast,Non-Capital,Urban agglomerations and capital cities,"Estimates for 1954, 2001, 2006, 2011 and 2016.",Metropolitan area,Refers to Significant Urban Areas as of 2001.,Urban Population,2
50,Australia,36,AUS,AU,20093,Gold Coast-Tweed Head,Non-Capital,Urban agglomerations and capital cities,"Census of 1976; Estimates for 1981, 1986, 1991, 1996, 2001, 2006, 2011 and 2016.",Metropolitan area,Refers to Significant Urban Areas as of 2001.,Urban Population,0
51,Australia,36,AUS,AU,206168,Melbourne,Non-Capital,Urban agglomerations and capital cities,"Censuses of 1954, 1961 and 1966; Estimates for 1950, 1971, 1976, 1981, 1986, 1991, 1996, 2001, 2006, 2011 and 2016.",Metropolitan area,Refers to Significant Urban Areas as of 2001.,Urban Population,0
52,Australia,36,AUS,AU,206177,Newcastle-Maitland,Non-Capital,Urban agglomerations and capital cities,"Censuses of 1954, 1961, 1966, 1971 and 1976; Estimates for 1950, 1981, 1986, 1991, 1996, 2001, 2006, 2011 and 2016.",Metropolitan area,Refers to Significant Urban Areas as of 2001.,Urban Population,0
53,Australia,36,AUS,AU,206172,Perth,Non-Capital,Urban agglomerations and capital cities,"Censuses of 1954, 1961 and 1966; Estimates for 1950, 1971, 1976, 1981, 1986, 1991, 1996, 2001, 2006, 2011 and 2016.",Metropolitan area,Refers to Significant Urban Areas as of 2001.,Urban Population,0
54,Australia,36,AUS,AU,20098,Sunshine Coast,Non-Capital,Urban agglomerations and capital cities,"Estimates for 1950, 1981, 1986, 1991, 1996, 2001, 2006, 2011 and 2016.",Metropolitan area,Refers to Significant Urban Areas as of 2001.,Urban Population,0
55,Australia,36,AUS,AU,206167,Sydney,Non-Capital,Urban agglomerations and capital cities,"Censuses of 1954, 1961 and 1966; Estimates for 1950, 1971, 1976, 1981, 1986, 1991, 1996, 2001, 2006, 2011 and 2016.",Metropolitan area,Refers to Significant Urban Areas as of 2001.,Urban Population,0
56,Australia,36,AUS,AU,20101,Wollongong,Non-Capital,Urban agglomerations and capital cities,"Censuses of 1954, 1961, 1966, 1971, 1976 and 1981; Estimates for 1986, 1991, 1996, 2001, 2006, 2011 and 2016.",Metropolitan area,Refers to Significant Urban Areas as of 2001.,Urban Population,0
58,Azerbaijan,31,AZE,AZ,20053,Baku,Capital,Urban agglomerations and capital cities,"Censuses of 1959, 1970, 1979, 1989 and 1999; Estimates for 2006, 2008, 2011 and 2017.",Urban Agglomeration,The data include communities under the authority of the Town Council. The 1989 census produced data referring to the city proper only; the population of the urban agglomeration for that date was estimated by assuming that the ratio of the population of the urban agglomeration to that of the city proper was the same as in 1979.,Urban Population,0
62,Bahrain,48,BHR,BH,20109,Al-Manamah (Manama),Capital,Urban agglomerations and capital cities,"Censuses of 1950, 1959, 1965, 1971, 1981, 1991 and 2001; UN Estimates for 2010 and 2016.",Urban Agglomeration,Refers to the urban area of the municipality of Al-Manamah.,Urban Population,0
67,Bangladesh,50,BGD,BD,20119,Dhaka,Capital,Urban agglomerations and capital cities,"Censuses of 1951, 1961, 1974, 1981, 1991, 2001 and 2011.",Metropolitan area,Refers to the Mega city.,Urban Population,0
78,Belarus,112,BLR,BY,20348,Minsk,Capital,Urban agglomerations and capital cities,"Censuses of 1959, 1970, 1979, 1989, 1999 and 2009; Estimates for 1950, 1955, 2006 and 2017.",Urban Agglomeration,The data include communities under the authority of the Town Council. The 1989 census produced data referring to the city proper only; the population of the urban agglomeration for that date was estimated by assuming that the ratio of the population of the urban agglomeration to that of the city proper was the same as in 1979.,Urban Population,0
82,Belgium,56,BEL,BE,20144,Bruxelles-Brussel,Capital,Urban agglomerations and capital cities,Censuses of 1970 and 1981; Estimates for 1995 and 2017; UN Estimate for 1961.,Metropolitan area,"Data refer to the population of Brussels-Capital Region and ""communes"" of the agglomeration and suburbs.",Urban Population,0
94,Bolivia (Plurinational State of),68,BOL,BO,20152,Cochabamba,Non-Capital,Urban agglomerations and capital cities,"Censuses of 1950, 1976, 1992, 2001 and 2012.",Urban Agglomeration,"Refers to the urban population of the municipalities (municipios) of Cochabamba, Sacaba, Quillacollo, Colcapirhua, Tiquipaya and Vinto.",Urban Population,0
95,Bolivia (Plurinational State of),68,BOL,BO,20153,La Paz,Seat of Government,Urban agglomerations and capital cities,"Censuses of 1950, 1976, 1992, 2001 and 2012.",Urban Agglomeration,"Refers to the urban population of the municipalities (municipios) of La Paz, El Alto, Viacha and Achocalla.",Urban Population,0
98,Bosnia and Herzegovina,70,BIH,BA,20164,Sarajevo,Capital,Urban agglomerations and capital cities,"Censuses of 1953, 1961, 1971, 1981, 1991 and 2013.",City Proper,"Refers to the muniicipalities of Stari Grad Sarajevo, Centar Sarajevo, Novo Sarajevo, Novi Grad Sarajevo and Ilidza.",Urban Population,0
108,Brazil,76,BRA,BR,20187,Brasília,Capital,Urban agglomerations and capital cities,"Censuses of 1960, 1970, 1980, 1991, 2000 and 2010; Estimate for 2017.",Metropolitan area,"Refers to the ""Região Integrada de Desenvolvimento do Distrito Federal e Entorno"".",Urban Population,0
123,Brazil,76,BRA,BR,20286,Grande São Luís,Non-Capital,Urban agglomerations and capital cities,"Censuses of 1950, 1960, 1970, 1980, 1991, 2000 and 2010; Estimate for 2017.",Metropolitan area,.,Urban Population,0
168,Cambodia,116,KHM,KH,20357,Phnum Pénh (Phnom Penh),Capital,Urban agglomerations and capital cities,"Censuses of 1962, 1980, 1998 and 2008; Estimates for 1950, 1966, 1970, 1975, 1975, 1979, 1985, 1990, 1993 and 2011.",Urban Agglomeration,Refers to the municipality of Phnon Penh including suburban areas.,Urban Population,0
176,Canada,124,CAN,CA,20370,Calgary,Non-Capital,Urban agglomerations and capital cities,"Censuses of 1951, 1961, 1966, 1971, 1976, 1981, 1986, 1991, 1996, 2001, 2006, 2011 and 2016.",Metropolitan area,Refers to the Census Metropolitan Area.,Urban Population,0
177,Canada,124,CAN,CA,20373,Edmonton,Non-Capital,Urban agglomerations and capital cities,"Censuses of 1951, 1961, 1966, 1971, 1976, 1981, 1986, 1991, 1996, 2001, 2006, 2011 and 2016.",Metropolitan area,Refers to the Census Metropolitan Area.,Urban Population,0
178,Canada,124,CAN,CA,20376,Halifax,Non-Capital,Urban agglomerations and capital cities,"Censuses of 1951, 1961, 1966, 1971, 1976, 1981, 1986, 1991, 1996, 2001, 2006, 2011 and 2016.",Metropolitan area,Refers to the Census Metropolitan Area.,Urban Population,0
179,Canada,124,CAN,CA,20377,Hamilton,Non-Capital,Urban agglomerations and capital cities,"Censuses of 1951, 1961, 1966, 1971, 1976, 1981, 1986, 1991, 1996, 2001, 2006, 2011 and 2016.",Metropolitan area,Refers to the Census Metropolitan Area.,Urban Population,0
180,Canada,124,CAN,CA,20381,Kitchener-Cambrigde-Waterloo,Non-Capital,Urban agglomerations and capital cities,"Censuses of 1951, 1961, 1966, 1971, 1976, 1981, 1986, 1991, 1996, 2001, 2006, 2011 and 2016.",Metropolitan area,Refers to the Census Metropolitan Area.,Urban Population,0
181,Canada,124,CAN,CA,20382,London,Non-Capital,Urban agglomerations and capital cities,"Censuses of 1951, 1961, 1966, 1971, 1976, 1981, 1986, 1991, 1996, 2001, 2006, 2011 and 2016.",Metropolitan area,Refers to the Census Metropolitan Area.,Urban Population,0
182,Canada,124,CAN,CA,20384,Montréal,Non-Capital,Urban agglomerations and capital cities,"Censuses of 1951, 1961, 1966, 1971, 1976, 1981, 1986, 1991, 1996, 2001, 2006, 2011 and 2016.",Metropolitan area,Refers to the Census Metropolitan Area. Estimate for the year 2011 was revised to concur with 2016 metropolitan area definition,Urban Population,0
183,Canada,124,CAN,CA,20386,Oshawa,Non-Capital,Urban agglomerations and capital cities,"Censuses of 1951, 1961, 1966, 1971, 1976, 1981, 1986, 1991, 1996, 2001, 2006, 2011 and 2016.",Metropolitan area,Refers to the Census Metropolitan Area.,Urban Population,0
184,Canada,124,CAN,CA,20387,Ottawa-Gatineau,Capital,Urban agglomerations and capital cities,"Censuses of 1951, 1961, 1966, 1971, 1976, 1981, 1986, 1991, 1996, 2001, 2006, 2011 and 2016.",Metropolitan area,Refers to the Census Metropolitan Area. The capital is Ottawa.,Urban Population,0
185,Canada,124,CAN,CA,20390,Québec,Non-Capital,Urban agglomerations and capital cities,"Censuses of 1951, 1961, 1966, 1971, 1976, 1981, 1986, 1991, 1996, 2001, 2006, 2011 and 2016.",Metropolitan area,Refers to the Census Metropolitan Area.,Urban Population,0
187,Canada,124,CAN,CA,20398,St. Catharines-Niagara,Non-Capital,Urban agglomerations and capital cities,"Censuses of 1951, 1961, 1966, 1971, 1976, 1981, 1986, 1991, 1996, 2001, 2006, 2011 and 2016.",Metropolitan area,Refers to the Census Metropolitan Area.,Urban Population,0
188,Canada,124,CAN,CA,20402,Toronto,Non-Capital,Urban agglomerations and capital cities,"Censuses of 1951, 1961, 1966, 1971, 1976, 1981, 1986, 1991, 1996, 2001, 2006, 2011 and 2016.",Metropolitan area,Refers to the Census Metropolitan Area.,Urban Population,0
189,Canada,124,CAN,CA,20404,Vancouver,Non-Capital,Urban agglomerations and capital cities,"Censuses of 1951, 1961, 1966, 1971, 1976, 1981, 1986, 1991, 1996, 2001, 2006, 2011 and 2016.",Metropolitan area,Refers to the Census Metropolitan Area.,Urban Population,0
190,Canada,124,CAN,CA,20405,Victoria,Non-Capital,Urban agglomerations and capital cities,"Censuses of 1951, 1961, 1966, 1971, 1976, 1981, 1986, 1991, 1996, 2001, 2006, 2011 and 2016.",Metropolitan area,Refers to the Census Metropolitan Area.,Urban Population,0
191,Canada,124,CAN,CA,20406,Windsor,Non-Capital,Urban agglomerations and capital cities,"Censuses of 1951, 1961, 1966, 1971, 1976, 1981, 1986, 1991, 1996, 2001, 2006, 2011 and 2016.",Metropolitan area,Refers to the Census Metropolitan Area.,Urban Population,0
192,Canada,124,CAN,CA,20407,Winnipeg,Non-Capital,Urban agglomerations and capital cities,"Censuses of 1951, 1961, 1966, 1971, 1976, 1981, 1986, 1991, 1996, 2001, 2006, 2011 and 2016.",Metropolitan area,Refers to the Census Metropolitan Area.,Urban Population,0
193,Caribbean Netherlands,535,BES,BQ,206155,Kralendijk,Capital,Urban agglomerations and capital cities,"Censuses of 1960, 1971, 1981, 1992 and 2001.",Metropolitan area,Refers to the island of Bonaire.,Urban Population,0
200,Chile,152,CHL,CL,205346,Concepción,Non-Capital,Urban agglomerations and capital cities,"Censuses of 1952, 1960, 1970, 1982, 1992 and 2002.",Urban Agglomeration,Refers to Gran Concepción.,Urban Population,0
201,Chile,152,CHL,CL,206161,La Serena-Coquimbo,Non-Capital,Urban agglomerations and capital cities,"Censuses of 1952, 1960, 1970, 1982, 1992 and 2002; Estimate for 2015.",Urban Agglomeration,Refers to Gran La Serena.,Urban Population,0
202,Chile,152,CHL,CL,20439,Santiago,Capital,Urban agglomerations and capital cities,"Censuses of 1952, 1960, 1970, 1982, 1992, 2002 and 2012.",Urban Agglomeration,Data from 1952 to 1992 refer to Gran Santiago. Data for 2002 and 2012 refer to the urban population of Santiago Metropolitan Area Region.,Urban Population,0
204,Chile,152,CHL,CL,205344,Valparaíso,Non-Capital,Urban agglomerations and capital cities,"Censuses of 1952, 1960, 1970, 1982, 1992, 2002 and 2012.",Urban Agglomeration,Refers to the Gran Valparaíso.,Urban Population,0
205,China,156,CHN,CN,20447,Akesu,Non-Capital,Urban agglomerations and capital cities,"Censuses of 1990, 2000 and 2010.",Urban Agglomeration,"For the 1990 census, the data reflect all residents of urban areas of the city. For the 2000 and 2010 censuses, the population of the city is composed of population in all city districts meeting the criteria such as contiguous built-up areas, being the location of the local government, being a Street or Having a Resident Committee.",Urban Population,0
206,China,156,CHN,CN,23575,Ankang,Non-Capital,Urban agglomerations and capital cities,"Censuses of 1990, 2000 and 2010.",Urban Agglomeration,"For the 1990 census, the data reflect all residents of urban areas of the city. For the 2000 and 2010 censuses, the population of the city is composed of population in all city districts meeting the criteria such as contiguous built-up areas, being the location of the local government, being a Street or Having a Resident Committee.",Urban Population,0
207,China,156,CHN,CN,23576,Anlu,Non-Capital,Urban agglomerations and capital cities,"Censuses of 1990, 2000 and 2010.",Urban Agglomeration,"For the 1990 census, the data reflect all residents of urban areas of the city. For the 2000 and 2010 censuses, the population of the city is composed of population in all city districts meeting the criteria such as contiguous built-up areas, being the location of the local government, being a Street or Having a Resident Committee.",Urban Population,0
208,China,156,CHN,CN,23577,Anning,Non-Capital,Urban agglomerations and capital cities,"Censuses of 1990, 2000 and 2010.",Urban Agglomeration,"For the 1990 census, the data reflect all residents of urban areas of the city. For the 2000 and 2010 censuses, the population of the city is composed of population in all city districts meeting the criteria such as contiguous built-up areas, being the location of the local government, being a Street or Having a Resident Committee.",Urban Population,0
209,China,156,CHN,CN,20450,Anqing,Non-Capital,Urban agglomerations and capital cities,"Censuses of 1990, 2000 and 2010; Estimate for 1984.",Urban Agglomeration,"For the 1990 census, the data reflect all residents of urban areas of the city. For the 2000 and 2010 censuses, the population of the city is composed of population in all city districts meeting the criteria such as contiguous built-up areas, being the location of the local government, being a Street or Having a Resident Committee.",Urban Population,0
210,China,156,CHN,CN,23578,Anqiu,Non-Capital,Urban agglomerations and capital cities,"Censuses of 1990, 2000 and 2010; UN Estimate for 1950.",City Proper,"For the 1990 census, the data reflect all residents of urban areas of the city. For the 2000 and 2010 censuses, the population of the city is composed of population in all city districts meeting the criteria such as contiguous built-up areas, being the location of the local government, being a Street or Having a Resident Committee.",Urban Population,0
211,China,156,CHN,CN,20451,Anshan,Non-Capital,Urban agglomerations and capital cities,"Censuses of 1953, 1964, 1982, 1990, 2000 and 2010; Estimates for 1960, 1962 and 1970.",Urban Agglomeration,"For the 1982 and 1990 censuses, the data reflect all residents of urban areas of the city. For the 2000 and 2010 censuses, the population of the city is composed of population in all city districts meeting the criteria such as contiguous built-up areas, being the location of the local government, being a Street or Having a Resident Committee.",Urban Population,0
212,China,156,CHN,CN,20452,Anshun,Non-Capital,Urban agglomerations and capital cities,"Censuses of 1982, 1990, 2000 and 2010.",Urban Agglomeration,"For the 1982 and 1990 censuses, the data reflect all residents of urban areas of the city. For the 2000 and 2010 censuses, the population of the city is composed of population in all city districts meeting the criteria such as contiguous built-up areas, being the location of the local government, being a Street or Having a Resident Committee.",Urban Population,0
213,China,156,CHN,CN,20453,Anyang,Non-Capital,Urban agglomerations and capital cities,"Censuses of 1953, 1982, 1990, 2000 and 2010.",Urban Agglomeration,"For the 1982 and 1990 censuses, the data reflect all residents of urban areas of the city. For the 2000 and 2010 censuses, the population of the city is composed of population in all city districts meeting the criteria such as contiguous built-up areas, being the location of the local government, being a Street or Having a Resident Committee.",Urban Population,0
214,China,156,CHN,CN,20455,Baicheng,Non-Capital,Urban agglomerations and capital cities,"Censuses of 1964, 1990, 2000 and 2010; Estimate for 1984.",City Proper,"For the 1990 census, the data reflect all residents of urban areas of the city. For the 2000 and 2010 censuses, the population of the city is composed of population in all city districts meeting the criteria such as contiguous built-up areas, being the location of the local government, being a Street or Having a Resident Committee.",Urban Population,0
215,China,156,CHN,CN,23866,Baishan,Non-Capital,Urban agglomerations and capital cities,Censuses of 2000 and 2010; Estimates for 1984 and 1988.,Urban Agglomeration,"For the 1990 census, the data reflect all residents of urban areas of the city. For the 2000 and 2010 censuses, the population of the city is composed of population in all city districts meeting the criteria such as contiguous built-up areas, being the location of the local government, being a Street or Having a Resident Committee.",Urban Population,0
216,China,156,CHN,CN,20457,Baiyin,Non-Capital,Urban agglomerations and capital cities,"Censuses of 1990, 2000 and 2010.",Urban Agglomeration,"For the 1990 census, the data reflect all residents of urban areas of the city. For the 2000 and 2010 censuses, the population of the city is composed of population in all city districts meeting the criteria such as contiguous built-up areas, being the location of the local government, being a Street or Having a Resident Committee.",Urban Population,0
217,China,156,CHN,CN,20458,Baoding,Non-Capital,Urban agglomerations and capital cities,"Censuses of 1953, 1964, 1982, 1990, 2000 and 2010; Estimate for 2015.",Urban Agglomeration,"For the 1982 and 1990 censuses, the data reflect all residents of urban areas of the city. For the 2000 and 2010 censuses, the population of the city is composed of population in all city districts meeting the criteria such as contiguous built-up areas, being the location of the local government, being a Street or Having a Resident Committee.",Urban Population,0
218,China,156,CHN,CN,20459,Baoji,Non-Capital,Urban agglomerations and capital cities,"Censuses of 1953, 1964, 1982, 1990, 2000 and 2010.",Urban Agglomeration,"For the 1982 and 1990 censuses, the data reflect all residents of urban areas of the city. For the 2000 and 2010 censuses, the population of the city is composed of population in all city districts meeting the criteria such as contiguous built-up areas, being the location of the local government, being a Street or Having a Resident Committee.",Urban Population,0
219,China,156,CHN,CN,20460,Baotou,Non-Capital,Urban agglomerations and capital cities,"Censuses of 1953, 1990, 2000 and 2010; Register of 1964, 1970 and 1982.",Urban Agglomeration,"For the 1982 and 1990 censuses, the data reflect all residents of urban areas of the city. For the 2000 and 2010 censuses, the population of the city is composed of population in all city districts meeting the criteria such as contiguous built-up areas, being the location of the local government, being a Street or Having a Resident Committee.",Urban Population,0
220,China,156,CHN,CN,205686,Bayannaoer,Non-Capital,Urban agglomerations and capital cities,"Censuses of 1990, 2000 and 2010; UN Estimate for 1953.",City Proper,"For the 1990 census, the data reflect all residents of urban areas of the city. For the 2000 and 2010 censuses, the population of the city is composed of population in all city districts meeting the criteria such as contiguous built-up areas, being the location of the local government, being a Street or Having a Resident Committee.",Urban Population,0
221,China,156,CHN,CN,23580,Bazhong,Non-Capital,Urban agglomerations and capital cities,"Censuses of 1990, 2000 and 2010; UN Estimate for 1950.",Urban Agglomeration,"For the 1990 census, the data reflect all residents of urban areas of the city. For the 2000 and 2010 censuses, the population of the city is composed of population in all city districts meeting the criteria such as contiguous built-up areas, being the location of the local government, being a Street or Having a Resident Committee.",Urban Population,0
222,China,156,CHN,CN,20463,Beihai,Non-Capital,Urban agglomerations and capital cities,"Censuses of 1953, 1982, 1990, 2000 and 2010.",Urban Agglomeration,"For the 1982 and 1990 censuses, the data reflect all residents of urban areas of the city. For the 2000 and 2010 censuses, the population of the city is composed of population in all city districts meeting the criteria such as contiguous built-up areas, being the location of the local government, being a Street or Having a Resident Committee.",Urban Population,0
223,China,156,CHN,CN,20464,Beijing,Capital,Urban agglomerations and capital cities,"Censuses of 1953, 1964, 1982, 1990, 2000 and 2010; Estimate for 2015; Register of 1958, 1960, 1965 and 1970.",Urban Agglomeration,"For the 1982 and 1990 censuses, the data reflect all residents of urban areas of the city (excluding Yanqing District). For the 2000 and 2010 censuses, the population of the city is composed of population in all city districts (excluding Yanqing District) meeting the criteria such as contiguous built-up areas, being the location of the local government, being a Street or Having a Resident Committee.",Urban Population,0
224,China,156,CHN,CN,20466,Bengbu,Non-Capital,Urban agglomerations and capital cities,"Censuses of 1990, 2000 and 2010; Register of 1984.",Urban Agglomeration,"For the 1990 census, the data reflect all residents of urban areas of the city. For the 2000 and 2010 censuses, the population of the city is composed of population in all city districts meeting the criteria such as contiguous built-up areas, being the location of the local government, being a Street or Having a Resident Committee.",Urban Population,0
225,China,156,CHN,CN,20467,Benxi,Non-Capital,Urban agglomerations and capital cities,"Censuses of 1990, 2000 and 2010; Register of 1984.",Urban Agglomeration,"For the 1990 census, the data reflect all residents of urban areas of the city. For the 2000 and 2010 censuses, the population of the city is composed of population in all city districts meeting the criteria such as contiguous built-up areas, being the location of the local government, being a Street or Having a Resident Committee.",Urban Population,0
226,China,156,CHN,CN,23582,Bijie,Non-Capital,Urban agglomerations and capital cities,"Censuses of 1990, 2000 and 2010; Estimate for 1987; UN Estimate for 1950.",Urban Agglomeration,"For the 1990 census, the data reflect all residents of urban areas of the city. For the 2000 and 2010 censuses, the population of the city is composed of population in all city districts meeting the criteria such as contiguous built-up areas, being the location of the local government, being a Street or Having a Resident Committee.",Urban Population,0
227,China,156,CHN,CN,23583,Binzhou,Non-Capital,Urban agglomerations and capital cities,"Censuses of 1990, 2000, 2010 and 2015.",Urban Agglomeration,"For the 1990 census, the data reflect all residents of urban areas of the city. For the 2000 and 2010 censuses, the population of the city is composed of population in all city districts meeting the criteria such as contiguous built-up areas, being the location of the local government, being a Street or Having a Resident Committee.",Urban Population,0
228,China,156,CHN,CN,20469,Botou,Non-Capital,Urban agglomerations and capital cities,"Censuses of 1953, 1990, 2000 and 2010; Estimate for 1984.",Urban Agglomeration,"For the 1990 census, the data reflect all residents of urban areas of the city. For the 2000 and 2010 censuses, the population of the city is composed of population in all city districts meeting the criteria such as contiguous built-up areas, being the location of the local government, being a Street or Having a Resident Committee.",Urban Population,0
229,China,156,CHN,CN,23584,Bozhou,Non-Capital,Urban agglomerations and capital cities,"Censuses of 1990, 2000 and 2010.",Urban Agglomeration,"For the 1990 census, the data reflect all residents of urban areas of the city. For the 2000 and 2010 censuses, the population of the city is composed of population in all city districts meeting the criteria such as contiguous built-up areas, being the location of the local government, being a Street or Having a Resident Committee.",Urban Population,0
230,China,156,CHN,CN,20470,Cangzhou,Non-Capital,Urban agglomerations and capital cities,"Censuses of 1982, 1990, 2000 and 2010.",Urban Agglomeration,"For the 1982 and 1990 censuses, the data reflect all residents of urban areas of the city. For the 2000 and 2010 censuses, the population of the city is composed of population in all city districts meeting the criteria such as contiguous built-up areas, being the location of the local government, being a Street or Having a Resident Committee.",Urban Population,0
231,China,156,CHN,CN,23585,Cenxi,Non-Capital,Urban agglomerations and capital cities,"Censuses of 1990, 2000 and 2010; UN Estimate for 1950.",Urban Agglomeration,"For the 1990 census, the data reflect all residents of urban areas of the city. For the 2000 and 2010 censuses, the population of the city is composed of population in all city districts meeting the criteria such as contiguous built-up areas, being the location of the local government, being a Street or Having a Resident Committee.",Urban Population,0
232,China,156,CHN,CN,20471,Changchun,Non-Capital,Urban agglomerations and capital cities,"Censuses of 1953, 1964, 1982, 1990, 2000 and 2010; Estimate for 1970; Register of 1965.",Urban Agglomeration,"For the 1982 and 1990 censuses, the data reflect all residents of urban areas of the city. For the 2000 and 2010 censuses, the population of the city is composed of population in all city districts meeting the criteria such as contiguous built-up areas, being the location of the local government, being a Street or Having a Resident Committee.",Urban Population,0
233,China,156,CHN,CN,20472,Changde,Non-Capital,Urban agglomerations and capital cities,"Censuses of 1953, 1964, 1982, 1990, 2000 and 2010.",Urban Agglomeration,"For the 1982 and 1990 censuses, the data reflect all residents of urban areas of the city. For the 2000 and 2010 censuses, the population of the city is composed of population in all city districts meeting the criteria such as contiguous built-up areas, being the location of the local government, being a Street or Having a Resident Committee.",Urban Population,0
234,China,156,CHN,CN,23586,Changge,Non-Capital,Urban agglomerations and capital cities,"Censuses of 1990, 2000 and 2010; UN Estimate for 1950.",Urban Agglomeration,"For the 1990 census, the data reflect all residents of urban areas of the city. For the 2000 and 2010 censuses, the population of the city is composed of population in all city districts meeting the criteria such as contiguous built-up areas, being the location of the local government, being a Street or Having a Resident Committee.",Urban Population,0
235,China,156,CHN,CN,20473,Changji,Non-Capital,Urban agglomerations and capital cities,"Censuses of 1990, 2000 and 2010.",Urban Agglomeration,"For the 1990 census, the data reflect all residents of urban areas of the city. For the 2000 and 2010 censuses, the population of the city is composed of population in all city districts meeting the criteria such as contiguous built-up areas, being the location of the local government, being a Street or Having a Resident Committee.",Urban Population,0
236,China,156,CHN,CN,23588,Changning,Non-Capital,Urban agglomerations and capital cities,"Censuses of 1990, 2000 and 2010; UN Estimate for 1950.",Urban Agglomeration,"For the 1990 census, the data reflect all residents of urban areas of the city. For the 2000 and 2010 censuses, the population of the city is composed of population in all city districts meeting the criteria such as contiguous built-up areas, being the location of the local government, being a Street or Having a Resident Committee.",Urban Population,0
237,China,156,CHN,CN,20474,Changsha,Non-Capital,Urban agglomerations and capital cities,"Censuses of 1953, 1964, 1982, 1990, 2000 and 2010; Estimates for 2013 and 2016; Register of 1961, 1967, 1970 and 1975.",Urban Agglomeration,"For the 1982 and 1990 censuses, the data reflect all residents of urban areas of the city. For the 2000 and 2010 censuses, the population of the city is composed of population in all city districts meeting the criteria such as contiguous built-up areas, being the location of the local government, being a Street or Having a Resident Committee.",Urban Population,0
238,China,156,CHN,CN,23865,Changshu,Non-Capital,Urban agglomerations and capital cities,"Censuses of 1990, 2000 and 2010; UN Estimate for 1950.",City Proper,"For the 1990 census, the data reflect all residents of urban areas of the city. For the 2000 and 2010 censuses, the population of the city is composed of population in all city districts meeting the criteria such as contiguous built-up areas, being the location of the local government, being a Street or Having a Resident Committee.",Urban Population,0
239,China,156,CHN,CN,23589,Changyi,Non-Capital,Urban agglomerations and capital cities,"Censuses of 1990, 2000 and 2010; UN Estimate for 1950.",Urban Agglomeration,"For the 1990 census, the data reflect all residents of urban areas of the city. For the 2000 and 2010 censuses, the population of the city is composed of population in all city districts meeting the criteria such as contiguous built-up areas, being the location of the local government, being a Street or Having a Resident Committee.",Urban Population,0
240,China,156,CHN,CN,20475,Changzhi,Non-Capital,Urban agglomerations and capital cities,"Censuses of 1953, 1990, 2000 and 2010.",Urban Agglomeration,"For the 1990 census, the data reflect all residents of urban areas of the city. For the 2000 and 2010 censuses, the population of the city is composed of population in all city districts meeting the criteria such as contiguous built-up areas, being the location of the local government, being a Street or Having a Resident Committee.",Urban Population,0
241,China,156,CHN,CN,20476,"Changzhou, Jiangsu",Non-Capital,Urban agglomerations and capital cities,"Censuses of 1982, 1990, 2000 and 2010; Register of 1970 and 1975.",Urban Agglomeration,"For the 1982 and 1990 censuses, the data reflect all residents of urban areas of the city. For the 2000 and 2010 censuses, the population of the city is composed of population in all city districts meeting the criteria such as contiguous built-up areas, being the location of the local government, being a Street or Having a Resident Committee.",Urban Population,0
242,China,156,CHN,CN,23590,Chaohu,Non-Capital,Urban agglomerations and capital cities,"Censuses of 1990, 2000 and 2010.",Urban Agglomeration,"For the 1990 census, the data reflect all residents of urban areas of the city. For the 2000 and 2010 censuses, the population of the city is composed of population in all city districts meeting the criteria such as contiguous built-up areas, being the location of the local government, being a Street or Having a Resident Committee.",Urban Population,0
243,China,156,CHN,CN,20477,Chaoyang,Non-Capital,Urban agglomerations and capital cities,"Censuses of 1990, 2000 and 2010.",Urban Agglomeration,"For the 1990 census, the data reflect all residents of urban areas of the city. For the 2000 and 2010 censuses, the population of the city is composed of population in all city districts meeting the criteria such as contiguous built-up areas, being the location of the local government, being a Street or Having a Resident Committee.",Urban Population,0
244,China,156,CHN,CN,20478,Chaozhou,Non-Capital,Urban agglomerations and capital cities,"Censuses of 1953, 1964, 1982, 1990, 2000 and 2010; UN Estimate for 2012.",Urban Agglomeration,"For the 1982 and 1990 censuses, the data reflect all residents of urban areas of the city. For the 2000 and 2010 censuses, the population of the city is composed of population in all city districts meeting the criteria such as contiguous built-up areas, being the location of the local government, being a Street or Having a Resident Committee.",Urban Population,0
245,China,156,CHN,CN,20479,Chengde,Non-Capital,Urban agglomerations and capital cities,"Censuses of 1990, 2000 and 2010.",Urban Agglomeration,"For the 1990 census, the data reflect all residents of urban areas of the city. For the 2000 and 2010 censuses, the population of the city is composed of population in all city districts meeting the criteria such as contiguous built-up areas, being the location of the local government, being a Street or Having a Resident Committee.",Urban Population,0
246,China,156,CHN,CN,20480,Chengdu,Non-Capital,Urban agglomerations and capital cities,"Censuses of 1953, 1964, 1982, 1990, 2000 and 2010; Estimates for 1959, 1970, 1975 and 1980; UN Estimate for 2015.",Urban Agglomeration,"For the 1982 and 1990 censuses, the data reflect all residents of urban areas of the city. For the 2000 and 2010 censuses, the population of the city is composed of population in all city districts meeting the criteria such as contiguous built-up areas, being the location of the local government, being a Street or Having a Resident Committee.",Urban Population,0
247,China,156,CHN,CN,20481,Chenzhou,Non-Capital,Urban agglomerations and capital cities,"Censuses of 1990, 2000 and 2010.",Urban Agglomeration,"For the 1990 census, the data reflect all residents of urban areas of the city. For the 2000 and 2010 censuses, the population of the city is composed of population in all city districts meeting the criteria such as contiguous built-up areas, being the location of the local government, being a Street or Having a Resident Committee.",Urban Population,0
248,China,156,CHN,CN,20483,Chifeng,Non-Capital,Urban agglomerations and capital cities,"Censuses of 1964, 1990, 2000 and 2010; Register of 1984.",Urban Agglomeration,"For the 1990 census, the data reflect all residents of urban areas of the city. For the 2000 and 2010 censuses, the population of the city is composed of population in all city districts meeting the criteria such as contiguous built-up areas, being the location of the local government, being a Street or Having a Resident Committee.",Urban Population,0
249,China,156,CHN,CN,23868,Chizhou,Non-Capital,Urban agglomerations and capital cities,"Censuses of 1990, 2000 and 2010; UN Estimate for 1950.",Urban Agglomeration,"For the 1990 census, the data reflect all residents of urban areas of the city. For the 2000 and 2010 censuses, the population of the city is composed of population in all city districts meeting the criteria such as contiguous built-up areas, being the location of the local government, being a Street or Having a Resident Committee.",Urban Population,0
250,China,156,CHN,CN,20484,Chongqing,Non-Capital,Urban agglomerations and capital cities,"Censuses of 1953, 1964, 1990, 2000 and 2010; Register of 1959, 1968 and 1970.",Urban Agglomeration,"For the 1990 census, the data reflect all residents of urban areas of the city. For the 2000 and 2010 censuses, the population of the city is composed of population in all city districts meeting the criteria such as contiguous built-up areas, being the location of the local government, being a Street or Having a Resident Committee.",Urban Population,0
251,China,156,CHN,CN,20485,Chuxiong,Non-Capital,Urban agglomerations and capital cities,"Censuses of 1990, 2000 and 2010.",Urban Agglomeration,"For the 1990 census, the data reflect all residents of urban areas of the city. For the 2000 and 2010 censuses, the population of the city is composed of population in all city districts meeting the criteria such as contiguous built-up areas, being the location of the local government, being a Street or Having a Resident Committee.",Urban Population,0
252,China,156,CHN,CN,20486,Chuzhou,Non-Capital,Urban agglomerations and capital cities,"Censuses of 1990, 2000 and 2010.",Urban Agglomeration,"For the 1990 census, the data reflect all residents of urban areas of the city. For the 2000 and 2010 censuses, the population of the city is composed of population in all city districts meeting the criteria such as contiguous built-up areas, being the location of the local government, being a Street or Having a Resident Committee.",Urban Population,0
253,China,156,CHN,CN,23595,Cixi,Non-Capital,Urban agglomerations and capital cities,"Censuses of 1990, 2000 and 2010; UN Estimate for 1950.",Urban Agglomeration,"For the 1990 census, the data reflect all residents of urban areas of the city. For the 2000 and 2010 censuses, the population of the city is composed of population in all city districts meeting the criteria such as contiguous built-up areas, being the location of the local government, being a Street or Having a Resident Committee.",Urban Population,0
254,China,156,CHN,CN,20488,Dali,Non-Capital,Urban agglomerations and capital cities,"Censuses of 1990, 2000 and 2010.",Urban Agglomeration,"For the 1990 census, the data reflect all residents of urban areas of the city. For the 2000 and 2010 censuses, the population of the city is composed of population in all city districts meeting the criteria such as contiguous built-up areas, being the location of the local government, being a Street or Having a Resident Committee.",Urban Population,0
255,China,156,CHN,CN,20489,Dalian,Non-Capital,Urban agglomerations and capital cities,"Censuses of 1953, 1982, 1990, 2000 and 2010; Estimate for 1964.",Urban Agglomeration,"For the 1982 and 1990 censuses, the data reflect all residents of urban areas of the city. For the 2000 and 2010 censuses, the population of the city is composed of population in all city districts meeting the criteria such as contiguous built-up areas, being the location of the local government, being a Street or Having a Resident Committee.",Urban Population,0
256,China,156,CHN,CN,20490,Dandong,Non-Capital,Urban agglomerations and capital cities,"Censuses of 1990, 2000 and 2010; Estimate for 1975.",Urban Agglomeration,"For the 1982 and 1990 censuses, the data reflect all residents of urban areas of the city. For the 2000 and 2010 censuses, the population of the city is composed of population in all city districts meeting the criteria such as contiguous built-up areas, being the location of the local government, being a Street or Having a Resident Committee.",Urban Population,0
257,China,156,CHN,CN,23864,Danyang,Non-Capital,Urban agglomerations and capital cities,"Censuses of 1990, 2000 and 2010; UN Estimate for 1950.",Urban Agglomeration,"For the 1990 census, the data reflect all residents of urban areas of the city. For the 2000 and 2010 censuses, the population of the city is composed of population in all city districts meeting the criteria such as contiguous built-up areas, being the location of the local government, being a Street or Having a Resident Committee.",Urban Population,0
258,China,156,CHN,CN,23870,Danzhou,Non-Capital,Urban agglomerations and capital cities,Censuses of 2000 and 2010; UN Estimate for 1950.,Urban Agglomeration,"For the 2000 and 2010 censuses, the population of the city is composed of population in all city districts meeting the criteria such as contiguous built-up areas, being the location of the local government, being a Street or Having a Resident Committee.",Urban Population,0
259,China,156,CHN,CN,20493,Daqing,Non-Capital,Urban agglomerations and capital cities,"Censuses of 1990, 2000 and 2010.",Urban Agglomeration,"For the 1990 census, the data reflect all residents of urban areas of the city. For the 2000 and 2010 censuses, the population of the city is composed of population in all city districts meeting the criteria such as contiguous built-up areas, being the location of the local government, being a Street or Having a Resident Committee.",Urban Population,0
260,China,156,CHN,CN,23871,Dashiqiao,Non-Capital,Urban agglomerations and capital cities,"Censuses of 1990, 2000 and 2010; UN Estimate for 1950.",City Proper,"For the 1990 census, the data reflect all residents of urban areas of the city. For the 2000 and 2010 censuses, the population of the city is composed of population in all city districts meeting the criteria such as contiguous built-up areas, being the location of the local government, being a Street or Having a Resident Committee.",Urban Population,0
261,China,156,CHN,CN,20494,Datong,Non-Capital,Urban agglomerations and capital cities,"Censuses of 1953, 1982, 1990, 2000 and 2010; Estimate for 1970; Register of 1956, 1961, 1962, 1965 and 1980.",Urban Agglomeration,"For the 1982 and 1990 censuses, the data reflect all residents of urban areas of the city. For the 2000 and 2010 censuses, the population of the city is composed of population in all city districts meeting the criteria such as contiguous built-up areas, being the location of the local government, being a Street or Having a Resident Committee.",Urban Population,0
262,China,156,CHN,CN,23597,Daye,Non-Capital,Urban agglomerations and capital cities,"Censuses of 1990, 2000 and 2010; UN Estimate for 1953.",Urban Agglomeration,"For the 1990 census, the data reflect all residents of urban areas of the city. For the 2000 and 2010 censuses, the population of the city is composed of population in all city districts meeting the criteria such as contiguous built-up areas, being the location of the local government, being a Street or Having a Resident Committee.",Urban Population,0
263,China,156,CHN,CN,205677,Dazhou,Non-Capital,Urban agglomerations and capital cities,"Censuses of 1990, 2000 and 2010.",Urban Agglomeration,"For the 1990 census, the data reflect all residents of urban areas of the city. For the 2000 and 2010 censuses, the population of the city is composed of population in all city districts meeting the criteria such as contiguous built-up areas, being the location of the local government, being a Street or Having a Resident Committee.",Urban Population,0
264,China,156,CHN,CN,23600,Dengfeng,Non-Capital,Urban agglomerations and capital cities,"Censuses of 1990, 2000 and 2010; UN Estimate for 1950.",Urban Agglomeration,"For the 1990 census, the data reflect all residents of urban areas of the city. For the 2000 and 2010 censuses, the population of the city is composed of population in all city districts meeting the criteria such as contiguous built-up areas, being the location of the local government, being a Street or Having a Resident Committee.",Urban Population,0
265,China,156,CHN,CN,23601,Dengzhou,Non-Capital,Urban agglomerations and capital cities,"Censuses of 1990, 2000 and 2010; UN Estimate for 1950.",Urban Agglomeration,"For the 1990 census, the data reflect all residents of urban areas of the city. For the 2000 and 2010 censuses, the population of the city is composed of population in all city districts meeting the criteria such as contiguous built-up areas, being the location of the local government, being a Street or Having a Resident Committee.",Urban Population,0
266,China,156,CHN,CN,23603,Deyang,Non-Capital,Urban agglomerations and capital cities,"Censuses of 1990, 2000 and 2010; UN Estimate for 1953.",Urban Agglomeration,"For the 1990 census, the data reflect all residents of urban areas of the city. For the 2000 and 2010 censuses, the population of the city is composed of population in all city districts meeting the criteria such as contiguous built-up areas, being the location of the local government, being a Street or Having a Resident Committee.",Urban Population,0
267,China,156,CHN,CN,20497,Dezhou,Non-Capital,Urban agglomerations and capital cities,"Censuses of 1953, 1990, 2000 and 2010; Register of 1984.",Urban Agglomeration,"For the 1990 census, the data reflect all residents of urban areas of the city. For the 2000 and 2010 censuses, the population of the city is composed of population in all city districts meeting the criteria such as contiguous built-up areas, being the location of the local government, being a Street or Having a Resident Committee.",Urban Population,0
268,China,156,CHN,CN,23604,Dingzhou,Non-Capital,Urban agglomerations and capital cities,"Censuses of 1990, 2000 and 2010.",City Proper,"For the 1990 census, the data reflect all residents of urban areas of the city. For the 2000 and 2010 censuses, the population of the city is composed of population in all city districts meeting the criteria such as contiguous built-up areas, being the location of the local government, being a Street or Having a Resident Committee.",Urban Population,0
269,China,156,CHN,CN,23606,Donggang,Non-Capital,Urban agglomerations and capital cities,"Censuses of 1990, 2000 and 2010.",Urban Agglomeration,"For the 1990 census, the data reflect all residents of urban areas of the city. For the 2000 and 2010 censuses, the population of the city is composed of population in all city districts meeting the criteria such as contiguous built-up areas, being the location of the local government, being a Street or Having a Resident Committee.",Urban Population,0
270,China,156,CHN,CN,20499,Dongguan,Non-Capital,Urban agglomerations and capital cities,"Censuses of 1953, 1964, 1990, 2000 and 2010; Estimate for 2015; UN Estimate for 1982.",Urban Agglomeration,"For the 1990 census, the data reflect all residents of urban areas of the city. For the 2000 and 2010 censuses, the population of the city is composed of population in all city districts meeting the criteria such as contiguous built-up areas, being the location of the local government, being a Street or Having a Resident Committee.",Urban Population,0
271,China,156,CHN,CN,23607,Dongtai,Non-Capital,Urban agglomerations and capital cities,"Censuses of 1990, 2000 and 2010; UN Estimate for 1950.",Urban Agglomeration,"For the 1990 census, the data reflect all residents of urban areas of the city. For the 2000 and 2010 censuses, the population of the city is composed of population in all city districts meeting the criteria such as contiguous built-up areas, being the location of the local government, being a Street or Having a Resident Committee.",Urban Population,0
272,China,156,CHN,CN,23609,Dongyang,Non-Capital,Urban agglomerations and capital cities,"Censuses of 1990, 2000 and 2010; UN Estimate for 1950.",Urban Agglomeration,"For the 1990 census, the data reflect all residents of urban areas of the city. For the 2000 and 2010 censuses, the population of the city is composed of population in all city districts meeting the criteria such as contiguous built-up areas, being the location of the local government, being a Street or Having a Resident Committee.",Urban Population,0
273,China,156,CHN,CN,23610,Dongying,Non-Capital,Urban agglomerations and capital cities,"Censuses of 1990, 2000 and 2010; Estimates for 1952, 1957 and 1970.",Urban Agglomeration,"For the 1982 and 1990 censuses, the data reflect all residents of urban areas of the city. For the 2000 and 2010 censuses, the population of the city is composed of population in all city districts meeting the criteria such as contiguous built-up areas, being the location of the local government, being a Street or Having a Resident Committee.",Urban Population,0
274,China,156,CHN,CN,23611,Dujiangyan,Non-Capital,Urban agglomerations and capital cities,"Censuses of 1990, 2000 and 2010; UN Estimate for 1950.",Urban Agglomeration,"For the 1990 census, the data reflect all residents of urban areas of the city. For the 2000 and 2010 censuses, the population of the city is composed of population in all city districts meeting the criteria such as contiguous built-up areas, being the location of the local government, being a Street or Having a Resident Committee.",Urban Population,0
275,China,156,CHN,CN,20504,Emeishan,Non-Capital,Urban agglomerations and capital cities,"Censuses of 1990, 2000 and 2010; UN Estimate for 1950.",Urban Agglomeration,"For the 1990 census, the data reflect all residents of urban areas of the city. For the 2000 and 2010 censuses, the population of the city is composed of population in all city districts meeting the criteria such as contiguous built-up areas, being the location of the local government, being a Street or Having a Resident Committee.",Urban Population,0
276,China,156,CHN,CN,23879,Enping,Non-Capital,Urban agglomerations and capital cities,"Censuses of 1990, 2000 and 2010.",Urban Agglomeration,"For the 1990 census, the data reflect all residents of urban areas of the city. For the 2000 and 2010 censuses, the population of the city is composed of population in all city districts meeting the criteria such as contiguous built-up areas, being the location of the local government, being a Street or Having a Resident Committee.",Urban Population,0
277,China,156,CHN,CN,23612,Enshi,Non-Capital,Urban agglomerations and capital cities,"Censuses of 1990, 2000 and 2010.",Urban Agglomeration,"For the 1990 census, the data reflect all residents of urban areas of the city. For the 2000 and 2010 censuses, the population of the city is composed of population in all city districts meeting the criteria such as contiguous built-up areas, being the location of the local government, being a Street or Having a Resident Committee.",Urban Population,0
278,China,156,CHN,CN,205656,Erduosi (Ordoss),Non-Capital,Urban agglomerations and capital cities,"Censuses of 1990, 2000 and 2010; UN Estimates for 1950 and 2013.",Urban Agglomeration,"For the 1990 census, the data reflect all residents of urban areas of the city. For the 2000 and 2010 censuses, the population of the city is composed of population in all city districts meeting the criteria such as contiguous built-up areas, being the location of the local government, being a Street or Having a Resident Committee.",Urban Population,0
279,China,156,CHN,CN,23613,Ezhou,Non-Capital,Urban agglomerations and capital cities,"Censuses of 1990, 2000 and 2010.",Urban Agglomeration,"For the 1990 census, the data reflect all residents of urban areas of the city. For the 2000 and 2010 censuses, the population of the city is composed of population in all city districts meeting the criteria such as contiguous built-up areas, being the location of the local government, being a Street or Having a Resident Committee.",Urban Population,0
280,China,156,CHN,CN,23880,Fangchenggang,Non-Capital,Urban agglomerations and capital cities,"Censuses of 1990, 2000 and 2010; UN Estimate for 1950.",Urban Agglomeration,"For the 1990 census, the data reflect all residents of urban areas of the city. For the 2000 and 2010 censuses, the population of the city is composed of population in all city districts meeting the criteria such as contiguous built-up areas, being the location of the local government, being a Street or Having a Resident Committee.",Urban Population,0
281,China,156,CHN,CN,23614,Feicheng,Non-Capital,Urban agglomerations and capital cities,"Censuses of 1990, 2000 and 2010.",Urban Agglomeration,"For the 1990 census, the data reflect all residents of urban areas of the city. For the 2000 and 2010 censuses, the population of the city is composed of population in all city districts meeting the criteria such as contiguous built-up areas, being the location of the local government, being a Street or Having a Resident Committee.",Urban Population,0
282,China,156,CHN,CN,23615,Fengcheng,Non-Capital,Urban agglomerations and capital cities,"Censuses of 1990, 2000 and 2010; UN Estimate for 1950.",Urban Agglomeration,"For the 1990 census, the data reflect all residents of urban areas of the city. For the 2000 and 2010 censuses, the population of the city is composed of population in all city districts meeting the criteria such as contiguous built-up areas, being the location of the local government, being a Street or Having a Resident Committee.",Urban Population,0
283,China,156,CHN,CN,20506,Foshan,Non-Capital,Urban agglomerations and capital cities,"Censuses of 1953, 1990, 2000 and 2010; Estimate for 2015.",Urban Agglomeration,"For the 1990 census, the data reflect all residents of urban areas of the city. For the 2000 and 2010 censuses, the population of the city is composed of population in all city districts meeting the criteria such as contiguous built-up areas, being the location of the local government, being a Street or Having a Resident Committee.",Urban Population,0
284,China,156,CHN,CN,23617,Fuan,Non-Capital,Urban agglomerations and capital cities,"Censuses of 1990, 2000 and 2010; UN Estimate for 1950.",Urban Agglomeration,"For the 1990 census, the data reflect all residents of urban areas of the city. For the 2000 and 2010 censuses, the population of the city is composed of population in all city districts meeting the criteria such as contiguous built-up areas, being the location of the local government, being a Street or Having a Resident Committee.",Urban Population,0
285,China,156,CHN,CN,20507,Fujin,Non-Capital,Urban agglomerations and capital cities,"Censuses of 1990, 2000 and 2010.",Urban Agglomeration,"For the 1990 census, the data reflect all residents of urban areas of the city. For the 2000 and 2010 censuses, the population of the city is composed of population in all city districts meeting the criteria such as contiguous built-up areas, being the location of the local government, being a Street or Having a Resident Committee.",Urban Population,0
286,China,156,CHN,CN,23619,Fuqing,Non-Capital,Urban agglomerations and capital cities,"Censuses of 1990, 2000 and 2010; UN Estimate for 1950.",Urban Agglomeration,"For the 1990 census, the data reflect all residents of urban areas of the city. For the 2000 and 2010 censuses, the population of the city is composed of population in all city districts meeting the criteria such as contiguous built-up areas, being the location of the local government, being a Street or Having a Resident Committee.",Urban Population,0
287,China,156,CHN,CN,20509,"Fushun, Liaoning",Non-Capital,Urban agglomerations and capital cities,"Censuses of 1990, 2000 and 2010; Register of 1956, 1970 and 1982.",Urban Agglomeration,"For the 1982 and 1990 censuses, the data reflect all residents of urban areas of the city. For the 2000 and 2010 censuses, the population of the city is composed of population in all city districts meeting the criteria such as contiguous built-up areas, being the location of the local government, being a Street or Having a Resident Committee.",Urban Population,0
288,China,156,CHN,CN,20510,Fuxin,Non-Capital,Urban agglomerations and capital cities,"Censuses of 1953, 1982, 1990, 2000 and 2010.",Urban Agglomeration,"For the 1982 and 1990 censuses, the data reflect all residents of urban areas of the city. For the 2000 and 2010 censuses, the population of the city is composed of population in all city districts meeting the criteria such as contiguous built-up areas, being the location of the local government, being a Street or Having a Resident Committee.",Urban Population,0
289,China,156,CHN,CN,20511,Fuyang,Non-Capital,Urban agglomerations and capital cities,"Censuses of 1990, 2000 and 2010; Estimate for 1975.",Urban Agglomeration,"For the 1990 census, the data reflect all residents of urban areas of the city. For the 2000 and 2010 censuses, the population of the city is composed of population in all city districts meeting the criteria such as contiguous built-up areas, being the location of the local government, being a Street or Having a Resident Committee.",Urban Population,0
290,China,156,CHN,CN,20513,"Fuzhou, Fujian",Non-Capital,Urban agglomerations and capital cities,"Censuses of 1982, 1990, 2000, 2010 and 2016; Estimate for 1951.",Urban Agglomeration,"For the 1982 and 1990 censuses, the data reflect all residents of urban areas of the city. For the 2000 and 2010 censuses, the population of the city is composed of population in all city districts meeting the criteria such as contiguous built-up areas, being the location of the local government, being a Street or Having a Resident Committee.",Urban Population,0
291,China,156,CHN,CN,20514,"Fuzhou, Jiangxi",Non-Capital,Urban agglomerations and capital cities,"Censuses of 1964, 1990, 2000 and 2010.",Urban Agglomeration,"For the 1990 census, the data reflect all residents of urban areas of the city. For the 2000 and 2010 censuses, the population of the city is composed of population in all city districts meeting the criteria such as contiguous built-up areas, being the location of the local government, being a Street or Having a Resident Committee.",Urban Population,0
292,China,156,CHN,CN,20515,Ganzhou,Non-Capital,Urban agglomerations and capital cities,"Censuses of 1990, 2000 and 2010; UN Estimate for 2016.",Urban Agglomeration,"For the 1990 census, the data reflect all residents of urban areas of the city. For the 2000 and 2010 censuses, the population of the city is composed of population in all city districts meeting the criteria such as contiguous built-up areas, being the location of the local government, being a Street or Having a Resident Committee.",Urban Population,0
293,China,156,CHN,CN,23621,Gaoan,Non-Capital,Urban agglomerations and capital cities,"Censuses of 1990, 2000 and 2010; UN Estimate for 1950.",Urban Agglomeration,"For the 1990 census, the data reflect all residents of urban areas of the city. For the 2000 and 2010 censuses, the population of the city is composed of population in all city districts meeting the criteria such as contiguous built-up areas, being the location of the local government, being a Street or Having a Resident Committee.",Urban Population,0
294,China,156,CHN,CN,23623,Gaomi,Non-Capital,Urban agglomerations and capital cities,"Censuses of 1990, 2000 and 2010.",Urban Agglomeration,"For the 1990 census, the data reflect all residents of urban areas of the city. For the 2000 and 2010 censuses, the population of the city is composed of population in all city districts meeting the criteria such as contiguous built-up areas, being the location of the local government, being a Street or Having a Resident Committee.",Urban Population,0
295,China,156,CHN,CN,23625,Gaoping,Non-Capital,Urban agglomerations and capital cities,"Censuses of 1990, 2000 and 2010; UN Estimate for 1950.",Urban Agglomeration,"For the 1990 census, the data reflect all residents of urban areas of the city. For the 2000 and 2010 censuses, the population of the city is composed of population in all city districts meeting the criteria such as contiguous built-up areas, being the location of the local government, being a Street or Having a Resident Committee.",Urban Population,0
296,China,156,CHN,CN,23627,Gaoyou,Non-Capital,Urban agglomerations and capital cities,"Censuses of 1990, 2000 and 2010; UN Estimate for 1950.",Urban Agglomeration,"For the 1990 census, the data reflect all residents of urban areas of the city. For the 2000 and 2010 censuses, the population of the city is composed of population in all city districts meeting the criteria such as contiguous built-up areas, being the location of the local government, being a Street or Having a Resident Committee.",Urban Population,0
297,China,156,CHN,CN,23862,Gaozhou,Non-Capital,Urban agglomerations and capital cities,"Censuses of 1990, 2000 and 2010; UN Estimate for 1950.",City Proper,"For the 1990 census, the data reflect all residents of urban areas of the city. For the 2000 and 2010 censuses, the population of the city is composed of population in all city districts meeting the criteria such as contiguous built-up areas, being the location of the local government, being a Street or Having a Resident Committee.",Urban Population,0
298,China,156,CHN,CN,23628,Gongyi,Non-Capital,Urban agglomerations and capital cities,"Censuses of 1990, 2000 and 2010; UN Estimate for 1950.",Urban Agglomeration,"For the 1990 census, the data reflect all residents of urban areas of the city. For the 2000 and 2010 censuses, the population of the city is composed of population in all city districts meeting the criteria such as contiguous built-up areas, being the location of the local government, being a Street or Having a Resident Committee.",Urban Population,0
299,China,156,CHN,CN,23629,Gongzhuling,Non-Capital,Urban agglomerations and capital cities,"Censuses of 1990, 2000 and 2010.",Urban Agglomeration,"For the 1990 census, the data reflect all residents of urban areas of the city. For the 2000 and 2010 censuses, the population of the city is composed of population in all city districts meeting the criteria such as contiguous built-up areas, being the location of the local government, being a Street or Having a Resident Committee.",Urban Population,0
300,China,156,CHN,CN,23630,Guang'an,Non-Capital,Urban agglomerations and capital cities,"Censuses of 1990, 2000 and 2010; UN Estimate for 1950.",Urban Agglomeration,"For the 1990 census, the data reflect all residents of urban areas of the city. For the 2000 and 2010 censuses, the population of the city is composed of population in all city districts meeting the criteria such as contiguous built-up areas, being the location of the local government, being a Street or Having a Resident Committee.",Urban Population,0
301,China,156,CHN,CN,23632,Guangyuan,Non-Capital,Urban agglomerations and capital cities,"Censuses of 1990, 2000 and 2010.",Urban Agglomeration,"For the 1990 census, the data reflect all residents of urban areas of the city. For the 2000 and 2010 censuses, the population of the city is composed of population in all city districts meeting the criteria such as contiguous built-up areas, being the location of the local government, being a Street or Having a Resident Committee.",Urban Population,0
302,China,156,CHN,CN,20517,"Guangzhou, Guangdong",Non-Capital,Urban agglomerations and capital cities,"Censuses of 1982, 1990, 2000 and 2010; Estimates for 1950 and 2015.",Urban Agglomeration,"For the 1982 and 1990 censuses, the data reflect all residents of urban areas of the city. For the 2000 and 2010 censuses, the population of the city is composed of population in all city districts meeting the criteria such as contiguous built-up areas, being the location of the local government, being a Street or Having a Resident Committee.",Urban Population,0
303,China,156,CHN,CN,23633,Guigang,Non-Capital,Urban agglomerations and capital cities,"Censuses of 1990, 2000 and 2010; Register of 1984.",Urban Agglomeration,"For the 1990 census, the data reflect all residents of urban areas of the city. For the 2000 and 2010 censuses, the population of the city is composed of population in all city districts meeting the criteria such as contiguous built-up areas, being the location of the local government, being a Street or Having a Resident Committee.",Urban Population,0
304,China,156,CHN,CN,20518,Guilin,Non-Capital,Urban agglomerations and capital cities,"Censuses of 1953, 1964, 1982, 1990, 2000 and 2010.",Urban Agglomeration,"For the 1982 and 1990 censuses, the data reflect all residents of urban areas of the city. For the 2000 and 2010 censuses, the population of the city is composed of population in all city districts meeting the criteria such as contiguous built-up areas, being the location of the local government, being a Street or Having a Resident Committee.",Urban Population,0
305,China,156,CHN,CN,23634,Guiping,Non-Capital,Urban agglomerations and capital cities,"Censuses of 1990, 2000 and 2010; Register of 1984; UN Estimate for 1950.",Urban Agglomeration,"For the 1990 census, the data reflect all residents of urban areas of the city. For the 2000 and 2010 censuses, the population of the city is composed of population in all city districts meeting the criteria such as contiguous built-up areas, being the location of the local government, being a Street or Having a Resident Committee.",Urban Population,0
306,China,156,CHN,CN,20519,Guiyang,Non-Capital,Urban agglomerations and capital cities,"Censuses of 1953, 1990, 2000 and 2010; Estimates for 1951 and 1965; Register of 1956.",Urban Agglomeration,"For the 1990 census, the data reflect all residents of urban areas of the city. For the 2000 and 2010 censuses, the population of the city is composed of population in all city districts meeting the criteria such as contiguous built-up areas, being the location of the local government, being a Street or Having a Resident Committee.",Urban Population,0
307,China,156,CHN,CN,23637,Haerbin,Non-Capital,Urban agglomerations and capital cities,"Censuses of 1953, 1982, 1990, 2000 and 2010; Estimate for 1950; Register of 1962, 1970 and 1975.",Urban Agglomeration,"For the 1982 and 1990 censuses, the data reflect all residents of urban areas of the city. For the 2000 and 2010 censuses, the population of the city is composed of population in all city districts meeting the criteria such as contiguous built-up areas, being the location of the local government, being a Street or Having a Resident Committee.",Urban Population,0
308,China,156,CHN,CN,23638,Haicheng,Non-Capital,Urban agglomerations and capital cities,"Censuses of 1990, 2000 and 2010.",Urban Agglomeration,"For the 1990 census, the data reflect all residents of urban areas of the city. For the 2000 and 2010 censuses, the population of the city is composed of population in all city districts meeting the criteria such as contiguous built-up areas, being the location of the local government, being a Street or Having a Resident Committee.",Urban Population,0
309,China,156,CHN,CN,23639,Haikou,Non-Capital,Urban agglomerations and capital cities,"Censuses of 1953, 1964, 1990, 2000 and 2010; Estimate for 2016.",Urban Agglomeration,"For the 1990 census, the data reflect all residents of urban areas of the city. For the 2000 and 2010 censuses, the population of the city is composed of population in all city districts meeting the criteria such as contiguous built-up areas, being the location of the local government, being a Street or Having a Resident Committee.",Urban Population,0
310,China,156,CHN,CN,23641,Hailin,Non-Capital,Urban agglomerations and capital cities,"Censuses of 1990, 2000 and 2010.",City Proper,"For the 1990 census, the data reflect all residents of urban areas of the city. For the 2000 and 2010 censuses, the population of the city is composed of population in all city districts meeting the criteria such as contiguous built-up areas, being the location of the local government, being a Street or Having a Resident Committee.",Urban Population,0
311,China,156,CHN,CN,23643,Haimen,Non-Capital,Urban agglomerations and capital cities,"Censuses of 1990, 2000 and 2010; UN Estimate for 1950.",Urban Agglomeration,"For the 1990 census, the data reflect all residents of urban areas of the city. For the 2000 and 2010 censuses, the population of the city is composed of population in all city districts meeting the criteria such as contiguous built-up areas, being the location of the local government, being a Street or Having a Resident Committee.",Urban Population,0
312,China,156,CHN,CN,23644,Haining,Non-Capital,Urban agglomerations and capital cities,"Censuses of 1990, 2000 and 2010; UN Estimate for 2012.",Urban Agglomeration,"For the 1990 census, the data reflect all residents of urban areas of the city. For the 2000 and 2010 censuses, the population of the city is composed of population in all city districts meeting the criteria such as contiguous built-up areas, being the location of the local government, being a Street or Having a Resident Committee.",Urban Population,0
313,China,156,CHN,CN,23645,Haiyang,Non-Capital,Urban agglomerations and capital cities,"Censuses of 1990, 2000 and 2010.",Urban Agglomeration,"For the 1990 census, the data reflect all residents of urban areas of the city. For the 2000 and 2010 censuses, the population of the city is composed of population in all city districts meeting the criteria such as contiguous built-up areas, being the location of the local government, being a Street or Having a Resident Committee.",Urban Population,0
314,China,156,CHN,CN,20521,Hami,Non-Capital,Urban agglomerations and capital cities,"Censuses of 1990, 2000 and 2010.",Urban Agglomeration,"For the 1990 census, the data reflect all residents of urban areas of the city. For the 2000 and 2010 censuses, the population of the city is composed of population in all city districts meeting the criteria such as contiguous built-up areas, being the location of the local government, being a Street or Having a Resident Committee.",Urban Population,0
315,China,156,CHN,CN,23646,Hanchuan,Non-Capital,Urban agglomerations and capital cities,"Censuses of 1990, 2000 and 2010; UN Estimate for 1950.",Urban Agglomeration,"For the 1990 census, the data reflect all residents of urban areas of the city. For the 2000 and 2010 censuses, the population of the city is composed of population in all city districts meeting the criteria such as contiguous built-up areas, being the location of the local government, being a Street or Having a Resident Committee.",Urban Population,0
316,China,156,CHN,CN,20523,Handan,Non-Capital,Urban agglomerations and capital cities,"Censuses of 1953, 1990, 2000 and 2010; Estimate for 2015.",Urban Agglomeration,"For the 1990 census, the data reflect all residents of urban areas of the city. For the 2000 and 2010 censuses, the population of the city is composed of population in all city districts meeting the criteria such as contiguous built-up areas, being the location of the local government, being a Street or Having a Resident Committee.",Urban Population,0
317,China,156,CHN,CN,20524,Hangzhou,Non-Capital,Urban agglomerations and capital cities,"Censuses of 1953, 1964, 1982, 1990, 2000 and 2010; Estimate for 2015; Register of 1960, 1962 and 1980.",Urban Agglomeration,"For the 1982 and 1990 censuses, the data reflect all residents of urban areas of the city. For the 2000 and 2010 censuses, the population of the city is composed of population in all city districts meeting the criteria such as contiguous built-up areas, being the location of the local government, being a Street or Having a Resident Committee.",Urban Population,0
318,China,156,CHN,CN,20525,Hanzhong,Non-Capital,Urban agglomerations and capital cities,"Censuses of 1990, 2000 and 2010; UN Estimate for 1953.",Urban Agglomeration,"For the 1990 census, the data reflect all residents of urban areas of the city. For the 2000 and 2010 censuses, the population of the city is composed of population in all city districts meeting the criteria such as contiguous built-up areas, being the location of the local government, being a Street or Having a Resident Committee.",Urban Population,0
319,China,156,CHN,CN,20527,Hebi,Non-Capital,Urban agglomerations and capital cities,"Censuses of 1990, 2000 and 2010.",Urban Agglomeration,"For the 1990 census, the data reflect all residents of urban areas of the city. For the 2000 and 2010 censuses, the population of the city is composed of population in all city districts meeting the criteria such as contiguous built-up areas, being the location of the local government, being a Street or Having a Resident Committee.",Urban Population,0
320,China,156,CHN,CN,20528,Hechi,Non-Capital,Urban agglomerations and capital cities,"Censuses of 1990, 2000 and 2010.",City Proper,"For the 1990 census, the data reflect all residents of urban areas of the city. For the 2000 and 2010 censuses, the population of the city is composed of population in all city districts meeting the criteria such as contiguous built-up areas, being the location of the local government, being a Street or Having a Resident Committee.",Urban Population,0
321,China,156,CHN,CN,20529,Hefei,Non-Capital,Urban agglomerations and capital cities,"Censuses of 1953, 1964, 1982, 1990, 2000 and 2010; Register of 1966, 1970, 1975 and 1980; UN Estimate for 2015.",Urban Agglomeration,"For the 1982 and 1990 censuses, the data reflect all residents of urban areas of the city. For the 2000 and 2010 censuses, the population of the city is composed of population in all city districts meeting the criteria such as contiguous built-up areas, being the location of the local government, being a Street or Having a Resident Committee.",Urban Population,0
322,China,156,CHN,CN,20530,Hegang,Non-Capital,Urban agglomerations and capital cities,Censuses of 2000 and 2010.,Urban Agglomeration,"For the 2000 and 2010 censuses, the population of the city is composed of population in all city districts meeting the criteria such as contiguous built-up areas, being the location of the local government, being a Street or Having a Resident Committee.",Urban Population,0
323,China,156,CHN,CN,23648,Hejian,Non-Capital,Urban agglomerations and capital cities,"Censuses of 1990, 2000 and 2010; UN Estimate for 1950.",Urban Agglomeration,"For the 1990 census, the data reflect all residents of urban areas of the city. For the 2000 and 2010 censuses, the population of the city is composed of population in all city districts meeting the criteria such as contiguous built-up areas, being the location of the local government, being a Street or Having a Resident Committee.",Urban Population,0
324,China,156,CHN,CN,20532,Hengshui,Non-Capital,Urban agglomerations and capital cities,"Censuses of 1990, 2000 and 2010.",Urban Agglomeration,"For the 1990 census, the data reflect all residents of urban areas of the city. For the 2000 and 2010 censuses, the population of the city is composed of population in all city districts meeting the criteria such as contiguous built-up areas, being the location of the local government, being a Street or Having a Resident Committee.",Urban Population,0
325,China,156,CHN,CN,20533,Hengyang,Non-Capital,Urban agglomerations and capital cities,"Censuses of 1990, 2000 and 2010; Register of 1984.",Urban Agglomeration,"For the 1990 census, the data reflect all residents of urban areas of the city. For the 2000 and 2010 censuses, the population of the city is composed of population in all city districts meeting the criteria such as contiguous built-up areas, being the location of the local government, being a Street or Having a Resident Committee.",Urban Population,0
326,China,156,CHN,CN,23886,Heshan,Non-Capital,Urban agglomerations and capital cities,"Censuses of 1990, 2000 and 2010; UN Estimate for 1950.",Urban Agglomeration,"For the 1990 census, the data reflect all residents of urban areas of the city. For the 2000 and 2010 censuses, the population of the city is composed of population in all city districts meeting the criteria such as contiguous built-up areas, being the location of the local government, being a Street or Having a Resident Committee.",Urban Population,0
327,China,156,CHN,CN,20536,Heyuan,Non-Capital,Urban agglomerations and capital cities,"Censuses of 1990, 2000 and 2010; UN Estimate for 2012.",Urban Agglomeration,"For the 1990 census, the data reflect all residents of urban areas of the city. For the 2000 and 2010 censuses, the population of the city is composed of population in all city districts meeting the criteria such as contiguous built-up areas, being the location of the local government, being a Street or Having a Resident Committee.",Urban Population,0
328,China,156,CHN,CN,20537,Heze,Non-Capital,Urban agglomerations and capital cities,"Censuses of 1990, 2000 and 2010; Register of 1984; UN Estimate for 1950.",Urban Agglomeration,"For the 1990 census, the data reflect all residents of urban areas of the city. For the 2000 and 2010 censuses, the population of the city is composed of population in all city districts meeting the criteria such as contiguous built-up areas, being the location of the local government, being a Street or Having a Resident Committee.",Urban Population,0
329,China,156,CHN,CN,23651,Hezhou,Non-Capital,Urban agglomerations and capital cities,"Censuses of 1990, 2000 and 2010.",Urban Agglomeration,"For the 1990 census, the data reflect all residents of urban areas of the city. For the 2000 and 2010 censuses, the population of the city is composed of population in all city districts meeting the criteria such as contiguous built-up areas, being the location of the local government, being a Street or Having a Resident Committee.",Urban Population,0
330,China,156,CHN,CN,20551,Hohhot,Non-Capital,Urban agglomerations and capital cities,"Censuses of 1953, 1990, 2000 and 2010; Estimate for 1982; Register of 1964.",Urban Agglomeration,"For the 1982 and 1990 censuses, the data reflect all residents of urban areas of the city. For the 2000 and 2010 censuses, the population of the city is composed of population in all city districts meeting the criteria such as contiguous built-up areas, being the location of the local government, being a Street or Having a Resident Committee.",Urban Population,0
331,China,156,CHN,CN,20543,Huai'an,Non-Capital,Urban agglomerations and capital cities,"Censuses of 1990, 2000 and 2010; Estimate for 1953; Sample Survey of 2015.",Urban Agglomeration,"For the 1982 and 1990 censuses, the data reflect all residents of urban areas of the city. For the 2000 and 2010 censuses, the population of the city is composed of population in all city districts meeting the criteria such as contiguous built-up areas, being the location of the local government, being a Street or Having a Resident Committee.",Urban Population,0
332,China,156,CHN,CN,20544,Huaibei,Non-Capital,Urban agglomerations and capital cities,"Censuses of 1964, 1990, 2000 and 2010.",Urban Agglomeration,"For the 1990 census, the data reflect all residents of urban areas of the city. For the 2000 and 2010 censuses, the population of the city is composed of population in all city districts meeting the criteria such as contiguous built-up areas, being the location of the local government, being a Street or Having a Resident Committee.",Urban Population,0
333,China,156,CHN,CN,20545,Huaihua,Non-Capital,Urban agglomerations and capital cities,"Censuses of 1982, 1990, 2000 and 2010.",City Proper,"For the 1982 and 1990 censuses, the data reflect all residents of urban areas of the city. For the 2000 and 2010 censuses, the population of the city is composed of population in all city districts meeting the criteria such as contiguous built-up areas, being the location of the local government, being a Street or Having a Resident Committee.",Urban Population,0
334,China,156,CHN,CN,20546,Huainan,Non-Capital,Urban agglomerations and capital cities,"Censuses of 1953, 1964, 1990, 2000 and 2010.",Urban Agglomeration,"For the 1990 census, the data reflect all residents of urban areas of the city. For the 2000 and 2010 censuses, the population of the city is composed of population in all city districts meeting the criteria such as contiguous built-up areas, being the location of the local government, being a Street or Having a Resident Committee.",Urban Population,0
335,China,156,CHN,CN,20549,Huangshan,Non-Capital,Urban agglomerations and capital cities,"Censuses of 1990, 2000 and 2010; Register of 1984.",Urban Agglomeration,"For the 1990 census, the data reflect all residents of urban areas of the city. For the 2000 and 2010 censuses, the population of the city is composed of population in all city districts meeting the criteria such as contiguous built-up areas, being the location of the local government, being a Street or Having a Resident Committee.",Urban Population,0
336,China,156,CHN,CN,20550,Huangshi,Non-Capital,Urban agglomerations and capital cities,"Censuses of 1982, 1990, 2000 and 2010.",Urban Agglomeration,"For the 1982 and 1990 censuses, the data reflect all residents of urban areas of the city. For the 2000 and 2010 censuses, the population of the city is composed of population in all city districts meeting the criteria such as contiguous built-up areas, being the location of the local government, being a Street or Having a Resident Committee.",Urban Population,0
337,China,156,CHN,CN,23656,Huazhou,Non-Capital,Urban agglomerations and capital cities,"Censuses of 1990, 2000 and 2010; UN Estimate for 1950.",City Proper,"For the 1990 census, the data reflect all residents of urban areas of the city. For the 2000 and 2010 censuses, the population of the city is composed of population in all city districts meeting the criteria such as contiguous built-up areas, being the location of the local government, being a Street or Having a Resident Committee.",Urban Population,0
338,China,156,CHN,CN,23657,Huixian,Non-Capital,Urban agglomerations and capital cities,Censuses of 2000 and 2010; Register of 1990; UN Estimate for 1950.,Urban Agglomeration,"For the 1990 census, the data reflect all residents of urban areas of the city. For the 2000 and 2010 censuses, the population of the city is composed of population in all city districts meeting the criteria such as contiguous built-up areas, being the location of the local government, being a Street or Having a Resident Committee.",Urban Population,0
339,China,156,CHN,CN,20553,Huizhou,Non-Capital,Urban agglomerations and capital cities,"Censuses of 1964, 1990, 2000 and 2010; Estimate for 2015.",Urban Agglomeration,"For the 1990 census, the data reflect all residents of urban areas of the city. For the 2000 and 2010 censuses, the population of the city is composed of population in all city districts meeting the criteria such as contiguous built-up areas, being the location of the local government, being a Street or Having a Resident Committee.",Urban Population,0
340,China,156,CHN,CN,20575,Huludao,Non-Capital,Urban agglomerations and capital cities,"Censuses of 1990, 2000 and 2010; Estimate for 1985.",Urban Agglomeration,"For the 1990 census, the data reflect all residents of urban areas of the city. For the 2000 and 2010 censuses, the population of the city is composed of population in all city districts meeting the criteria such as contiguous built-up areas, being the location of the local government, being a Street or Having a Resident Committee.",Urban Population,0
341,China,156,CHN,CN,20556,Huzhou,Non-Capital,Urban agglomerations and capital cities,"Censuses of 1953, 1990, 2000 and 2010; Estimate for 1984.",Urban Agglomeration,"For the 1990 census, the data reflect all residents of urban areas of the city. For the 2000 and 2010 censuses, the population of the city is composed of population in all city districts meeting the criteria such as contiguous built-up areas, being the location of the local government, being a Street or Having a Resident Committee.",Urban Population,0
342,China,156,CHN,CN,20557,Jiamusi,Non-Capital,Urban agglomerations and capital cities,"Censuses of 1953, 1990, 2000 and 2010; Estimate for 1984.",City Proper,"For the 1990 census, the data reflect all residents of urban areas of the city. For the 2000 and 2010 censuses, the population of the city is composed of population in all city districts meeting the criteria such as contiguous built-up areas, being the location of the local government, being a Street or Having a Resident Committee.",Urban Population,0
343,China,156,CHN,CN,20558,"Ji'an, Jiangxi",Non-Capital,Urban agglomerations and capital cities,"Censuses of 1953, 1990, 2000 and 2010.",City Proper,"For the 1990 census, the data reflect all residents of urban areas of the city. For the 2000 and 2010 censuses, the population of the city is composed of population in all city districts meeting the criteria such as contiguous built-up areas, being the location of the local government, being a Street or Having a Resident Committee.",Urban Population,0
344,China,156,CHN,CN,20560,Jiangmen,Non-Capital,Urban agglomerations and capital cities,"Censuses of 1953, 1990, 2000 and 2010; UN Estimate for 2012.",Urban Agglomeration,"For the 1990 census, the data reflect all residents of urban areas of the city. For the 2000 and 2010 censuses, the population of the city is composed of population in all city districts meeting the criteria such as contiguous built-up areas, being the location of the local government, being a Street or Having a Resident Committee.",Urban Population,0
345,China,156,CHN,CN,23663,Jiangyin,Non-Capital,Urban agglomerations and capital cities,"Censuses of 1990, 2000 and 2010; Register of 1984.",Urban Agglomeration,"For the 1990 census, the data reflect all residents of urban areas of the city. For the 2000 and 2010 censuses, the population of the city is composed of population in all city districts meeting the criteria such as contiguous built-up areas, being the location of the local government, being a Street or Having a Resident Committee.",Urban Population,0
346,China,156,CHN,CN,23667,Jianyang,Non-Capital,Urban agglomerations and capital cities,"Censuses of 1990, 2000 and 2010; UN Estimate for 1950.",Urban Agglomeration,"For the 1990 census, the data reflect all residents of urban areas of the city. For the 2000 and 2010 censuses, the population of the city is composed of population in all city districts meeting the criteria such as contiguous built-up areas, being the location of the local government, being a Street or Having a Resident Committee.",Urban Population,0
347,China,156,CHN,CN,23669,Jiaozhou,Non-Capital,Urban agglomerations and capital cities,"Censuses of 1990, 2000 and 2010.",Urban Agglomeration,"For the 1990 census, the data reflect all residents of urban areas of the city. For the 2000 and 2010 censuses, the population of the city is composed of population in all city districts meeting the criteria such as contiguous built-up areas, being the location of the local government, being a Street or Having a Resident Committee.",Urban Population,0
348,China,156,CHN,CN,20563,Jiaozuo,Non-Capital,Urban agglomerations and capital cities,"Censuses of 1953, 1990, 2000 and 2010; Register of 1984.",Urban Agglomeration,"For the 1990 census, the data reflect all residents of urban areas of the city. For the 2000 and 2010 censuses, the population of the city is composed of population in all city districts meeting the criteria such as contiguous built-up areas, being the location of the local government, being a Street or Having a Resident Committee.",Urban Population,0
349,China,156,CHN,CN,20564,Jiaxing,Non-Capital,Urban agglomerations and capital cities,"Censuses of 1953, 1990, 2000 and 2010; Estimate for 1984.",Urban Agglomeration,"For the 1990 census, the data reflect all residents of urban areas of the city. For the 2000 and 2010 censuses, the population of the city is composed of population in all city districts meeting the criteria such as contiguous built-up areas, being the location of the local government, being a Street or Having a Resident Committee.",Urban Population,0
350,China,156,CHN,CN,20565,Jiayuguan,Non-Capital,Urban agglomerations and capital cities,"Censuses of 1990, 2000 and 2010.",Urban Agglomeration,"For the 1990 census, the data reflect all residents of urban areas of the city. For the 2000 and 2010 censuses, the population of the city is composed of population in all city districts meeting the criteria such as contiguous built-up areas, being the location of the local government, being a Street or Having a Resident Committee.",Urban Population,0
351,China,156,CHN,CN,23672,Jieyang,Non-Capital,Urban agglomerations and capital cities,"Censuses of 1990, 2000 and 2010; Register of 1984.",Urban Agglomeration,"For the 1990 census, the data reflect all residents of urban areas of the city. For the 2000 and 2010 censuses, the population of the city is composed of population in all city districts meeting the criteria such as contiguous built-up areas, being the location of the local government, being a Street or Having a Resident Committee.",Urban Population,0
352,China,156,CHN,CN,20566,Jilin,Non-Capital,Urban agglomerations and capital cities,"Censuses of 1953, 1990, 2000 and 2010; Estimate for 1964; Register of 1970, 1975 and 1982.",Urban Agglomeration,"For the 1982 and 1990 censuses, the data reflect all residents of urban areas of the city. For the 2000 and 2010 censuses, the population of the city is composed of population in all city districts meeting the criteria such as contiguous built-up areas, being the location of the local government, being a Street or Having a Resident Committee.",Urban Population,0
353,China,156,CHN,CN,20567,"Ji'nan, Shandong",Non-Capital,Urban agglomerations and capital cities,"Censuses of 1953, 1964, 1982, 1990, 2000 and 2010; Register of 1961, 1962, 1970, 1975 and 1980.",Urban Agglomeration,"For the 1982 and 1990 censuses, the data reflect all residents of urban areas of the city. For the 2000 and 2010 censuses, the population of the city is composed of population in all city districts meeting the criteria such as contiguous built-up areas, being the location of the local government, being a Street or Having a Resident Committee.",Urban Population,0
354,China,156,CHN,CN,23674,Jincheng,Non-Capital,Urban agglomerations and capital cities,"Censuses of 1990, 2000 and 2010.",Urban Agglomeration,"For the 1990 census, the data reflect all residents of urban areas of the city. For the 2000 and 2010 censuses, the population of the city is composed of population in all city districts meeting the criteria such as contiguous built-up areas, being the location of the local government, being a Street or Having a Resident Committee.",Urban Population,0
355,China,156,CHN,CN,20569,Jingdezhen,Non-Capital,Urban agglomerations and capital cities,"Censuses of 1953, 1990, 2000 and 2010.",City Proper,"For the 1990 census, the data reflect all residents of urban areas of the city. For the 2000 and 2010 censuses, the population of the city is composed of population in all city districts meeting the criteria such as contiguous built-up areas, being the location of the local government, being a Street or Having a Resident Committee.",Urban Population,0
356,China,156,CHN,CN,23677,Jingjiang,Non-Capital,Urban agglomerations and capital cities,"Censuses of 1990, 2000 and 2010; UN Estimate for 1950.",Urban Agglomeration,"For the 1990 census, the data reflect all residents of urban areas of the city. For the 2000 and 2010 censuses, the population of the city is composed of population in all city districts meeting the criteria such as contiguous built-up areas, being the location of the local government, being a Street or Having a Resident Committee.",Urban Population,0
357,China,156,CHN,CN,20570,Jingmen,Non-Capital,Urban agglomerations and capital cities,"Censuses of 1982, 1990, 2000 and 2010.",City Proper,"For the 1982 and 1990 censuses, the data reflect all residents of urban areas of the city. For the 2000 and 2010 censuses, the population of the city is composed of population in all city districts meeting the criteria such as contiguous built-up areas, being the location of the local government, being a Street or Having a Resident Committee.",Urban Population,0
358,China,156,CHN,CN,23678,"Jingzhou, Hubei",Non-Capital,Urban agglomerations and capital cities,"Censuses of 1953, 1982, 1990, 2000 and 2010.",Urban Agglomeration,"For the 1982 and 1990 censuses, the data reflect all residents of urban areas of the city. For the 2000 and 2010 censuses, the population of the city is composed of population in all city districts meeting the criteria such as contiguous built-up areas, being the location of the local government, being a Street or Having a Resident Committee.",Urban Population,0
359,China,156,CHN,CN,20571,Jinhua,Non-Capital,Urban agglomerations and capital cities,"Censuses of 1990, 2000, 2010 and 2015.",Urban Agglomeration,"For the 1990 census, the data reflect all residents of urban areas of the city. For the 2000 and 2010 censuses, the population of the city is composed of population in all city districts meeting the criteria such as contiguous built-up areas, being the location of the local government, being a Street or Having a Resident Committee.",Urban Population,0
360,China,156,CHN,CN,20572,"Jining, Shandong",Non-Capital,Urban agglomerations and capital cities,"Censuses of 1953, 1982, 1990, 2000 and 2010.",Urban Agglomeration,"For the 1982 and 1990 censuses, the data reflect all residents of urban areas of the city. For the 2000 and 2010 censuses, the population of the city is composed of population in all city districts meeting the criteria such as contiguous built-up areas, being the location of the local government, being a Street or Having a Resident Committee.",Urban Population,0
361,China,156,CHN,CN,23679,Jinjiang,Non-Capital,Urban agglomerations and capital cities,"Censuses of 1990, 2000 and 2010; Register of 1984.",Urban Agglomeration,"For the 1990 census, the data reflect all residents of urban areas of the city. For the 2000 and 2010 censuses, the population of the city is composed of population in all city districts meeting the criteria such as contiguous built-up areas, being the location of the local government, being a Street or Having a Resident Committee.",Urban Population,0
362,China,156,CHN,CN,23681,Jinzhong,Non-Capital,Urban agglomerations and capital cities,"Censuses of 1990, 2000 and 2010; Register of 1984.",Urban Agglomeration,"For the 1990 census, the data reflect all residents of urban areas of the city. For the 2000 and 2010 censuses, the population of the city is composed of population in all city districts meeting the criteria such as contiguous built-up areas, being the location of the local government, being a Street or Having a Resident Committee.",Urban Population,0
363,China,156,CHN,CN,20576,Jinzhou,Non-Capital,Urban agglomerations and capital cities,"Censuses of 1982, 1990, 2000 and 2010; Estimates for 1950, 1952 and 1970.",Urban Agglomeration,"For the 1982 and 1990 censuses, the data reflect all residents of urban areas of the city. For the 2000 and 2010 censuses, the population of the city is composed of population in all city districts meeting the criteria such as contiguous built-up areas, being the location of the local government, being a Street or Having a Resident Committee.",Urban Population,0
364,China,156,CHN,CN,20578,Jiujiang,Non-Capital,Urban agglomerations and capital cities,"Censuses of 1990, 2000 and 2010.",Urban Agglomeration,"For the 1990 census, the data reflect all residents of urban areas of the city. For the 2000 and 2010 censuses, the population of the city is composed of population in all city districts meeting the criteria such as contiguous built-up areas, being the location of the local government, being a Street or Having a Resident Committee.",Urban Population,0
365,China,156,CHN,CN,20580,Jiuquan,Non-Capital,Urban agglomerations and capital cities,"Censuses of 1990, 2000 and 2010.",Urban Agglomeration,"For the 1990 census, the data reflect all residents of urban areas of the city. For the 2000 and 2010 censuses, the population of the city is composed of population in all city districts meeting the criteria such as contiguous built-up areas, being the location of the local government, being a Street or Having a Resident Committee.",Urban Population,0
366,China,156,CHN,CN,20579,"Jixi, Heilongjiang",Non-Capital,Urban agglomerations and capital cities,"Censuses of 1990, 2000 and 2010; UN Estimate for 1953.",Urban Agglomeration,"For the 1990 census, the data reflect all residents of urban areas of the city. For the 2000 and 2010 censuses, the population of the city is composed of population in all city districts meeting the criteria such as contiguous built-up areas, being the location of the local government, being a Street or Having a Resident Committee.",Urban Population,0
367,China,156,CHN,CN,23832,Jiyuan,Non-Capital,Urban agglomerations and capital cities,"Censuses of 1990, 2000 and 2010; UN Estimates for 1950 and 2012.",Urban Agglomeration,"For the 1990 census, the data reflect all residents of urban areas of the city. For the 2000 and 2010 censuses, the population of the city is composed of population in all city districts meeting the criteria such as contiguous built-up areas, being the location of the local government, being a Street or Having a Resident Committee.",Urban Population,0
368,China,156,CHN,CN,23833,Jurong,Non-Capital,Urban agglomerations and capital cities,"Censuses of 1990, 2000 and 2010; UN Estimate for 1950.",Urban Agglomeration,"For the 1990 census, the data reflect all residents of urban areas of the city. For the 2000 and 2010 censuses, the population of the city is composed of population in all city districts meeting the criteria such as contiguous built-up areas, being the location of the local government, being a Street or Having a Resident Committee.",Urban Population,0
369,China,156,CHN,CN,20581,Kaifeng,Non-Capital,Urban agglomerations and capital cities,"Censuses of 1953, 1990, 2000 and 2010; Estimate for 1984.",Urban Agglomeration,"For the 1990 census, the data reflect all residents of urban areas of the city. For the 2000 and 2010 censuses, the population of the city is composed of population in all city districts meeting the criteria such as contiguous built-up areas, being the location of the local government, being a Street or Having a Resident Committee.",Urban Population,0
370,China,156,CHN,CN,20582,Kaili,Non-Capital,Urban agglomerations and capital cities,"Censuses of 1990, 2000 and 2010.",Urban Agglomeration,"For the 1990 census, the data reflect all residents of urban areas of the city. For the 2000 and 2010 censuses, the population of the city is composed of population in all city districts meeting the criteria such as contiguous built-up areas, being the location of the local government, being a Street or Having a Resident Committee.",Urban Population,0
371,China,156,CHN,CN,23834,Kaiping,Non-Capital,Urban agglomerations and capital cities,"Censuses of 1990, 2000 and 2010.",Urban Agglomeration,"For the 1990 census, the data reflect all residents of urban areas of the city. For the 2000 and 2010 censuses, the population of the city is composed of population in all city districts meeting the criteria such as contiguous built-up areas, being the location of the local government, being a Street or Having a Resident Committee.",Urban Population,0
372,China,156,CHN,CN,20587,Kelamayi,Non-Capital,Urban agglomerations and capital cities,"Censuses of 1982, 1990, 2000 and 2010; UN Estimate for 1953.",Urban Agglomeration,"For the 1982 and 1990 censuses, the data reflect all residents of urban areas of the city. For the 2000 and 2010 censuses, the population of the city is composed of population in all city districts meeting the criteria such as contiguous built-up areas, being the location of the local government, being a Street or Having a Resident Committee.",Urban Population,0
373,China,156,CHN,CN,20588,Kuerle,Non-Capital,Urban agglomerations and capital cities,"Censuses of 1990, 2000 and 2010.",Urban Agglomeration,"For the 1990 census, the data reflect all residents of urban areas of the city. For the 2000 and 2010 censuses, the population of the city is composed of population in all city districts meeting the criteria such as contiguous built-up areas, being the location of the local government, being a Street or Having a Resident Committee.",Urban Population,0
374,China,156,CHN,CN,20590,Kunming,Non-Capital,Urban agglomerations and capital cities,"Censuses of 1982, 1990, 2000 and 2010; Estimate for 1950.",Urban Agglomeration,"For the 1982 and 1990 censuses, the data reflect all residents of urban areas of the city. For the 2000 and 2010 censuses, the population of the city is composed of population in all city districts meeting the criteria such as contiguous built-up areas, being the location of the local government, being a Street or Having a Resident Committee.",Urban Population,0
375,China,156,CHN,CN,23836,Kunshan ,Non-Capital,Urban agglomerations and capital cities,"Censuses of 1990, 2000 and 2010; UN Estimate for 1982.",City Proper,"For the 1982 and 1990 censuses, the data reflect all residents of urban areas of the city. For the 2000 and 2010 censuses, the population of the city is composed of population in all city districts meeting the criteria such as contiguous built-up areas, being the location of the local government, being a Street or Having a Resident Committee.",Urban Population,0
376,China,156,CHN,CN,205657,Laibin,Non-Capital,Urban agglomerations and capital cities,"Censuses of 1990, 2000 and 2010; UN Estimates for 1950 and 2012.",Urban Agglomeration,"For the 1990 census, the data reflect all residents of urban areas of the city. For the 2000 and 2010 censuses, the population of the city is composed of population in all city districts meeting the criteria such as contiguous built-up areas, being the location of the local government, being a Street or Having a Resident Committee.",Urban Population,0
377,China,156,CHN,CN,23837,Laiwu,Non-Capital,Urban agglomerations and capital cities,"Censuses of 1990, 2000 and 2010.",Urban Agglomeration,"For the 1990 census, the data reflect all residents of urban areas of the city. For the 2000 and 2010 censuses, the population of the city is composed of population in all city districts meeting the criteria such as contiguous built-up areas, being the location of the local government, being a Street or Having a Resident Committee.",Urban Population,0
378,China,156,CHN,CN,23838,Laixi,Non-Capital,Urban agglomerations and capital cities,"Censuses of 1990, 2000 and 2010; UN Estimate for 1950.",Urban Agglomeration,"For the 1990 census, the data reflect all residents of urban areas of the city. For the 2000 and 2010 censuses, the population of the city is composed of population in all city districts meeting the criteria such as contiguous built-up areas, being the location of the local government, being a Street or Having a Resident Committee.",Urban Population,0
379,China,156,CHN,CN,23839,Laiyang,Non-Capital,Urban agglomerations and capital cities,"Censuses of 1990, 2000 and 2010.",Urban Agglomeration,"For the 1990 census, the data reflect all residents of urban areas of the city. For the 2000 and 2010 censuses, the population of the city is composed of population in all city districts meeting the criteria such as contiguous built-up areas, being the location of the local government, being a Street or Having a Resident Committee.",Urban Population,0
380,China,156,CHN,CN,23840,Laizhou,Non-Capital,Urban agglomerations and capital cities,"Censuses of 1990, 2000 and 2010.",Urban Agglomeration,"For the 1990 census, the data reflect all residents of urban areas of the city. For the 2000 and 2010 censuses, the population of the city is composed of population in all city districts meeting the criteria such as contiguous built-up areas, being the location of the local government, being a Street or Having a Resident Committee.",Urban Population,0
381,China,156,CHN,CN,20591,Langfang,Non-Capital,Urban agglomerations and capital cities,"Censuses of 1990, 2000 and 2010; Estimate for 1984.",City Proper,"For the 1990 census, the data reflect all residents of urban areas of the city. For the 2000 and 2010 censuses, the population of the city is composed of population in all city districts meeting the criteria such as contiguous built-up areas, being the location of the local government, being a Street or Having a Resident Committee.",Urban Population,0
382,China,156,CHN,CN,20592,Lanzhou,Non-Capital,Urban agglomerations and capital cities,"Censuses of 1953, 1982, 1990, 2000 and 2010; Estimate for 1964; Register of 1970.",Urban Agglomeration,"For the 1982 and 1990 censuses, the data reflect all residents of urban areas of the city. For the 2000 and 2010 censuses, the population of the city is composed of population in all city districts meeting the criteria such as contiguous built-up areas, being the location of the local government, being a Street or Having a Resident Committee.",Urban Population,0
383,China,156,CHN,CN,23847,Leiyang,Non-Capital,Urban agglomerations and capital cities,"Censuses of 1990, 2000 and 2010.",Urban Agglomeration,"For the 1990 census, the data reflect all residents of urban areas of the city. For the 2000 and 2010 censuses, the population of the city is composed of population in all city districts meeting the criteria such as contiguous built-up areas, being the location of the local government, being a Street or Having a Resident Committee.",Urban Population,0
384,China,156,CHN,CN,20595,Lengshuijiang,Non-Capital,Urban agglomerations and capital cities,Censuses of 1990 and 2000; UN Estimate for 2010.,Urban Agglomeration,"For the 1990 census, the data reflect all residents of urban areas of the city. For the 2000 and 2010 censuses, the population of the city is composed of population in all city districts meeting the criteria such as contiguous built-up areas, being the location of the local government, being a Street or Having a Resident Committee.",Urban Population,0
385,China,156,CHN,CN,23850,Leping,Non-Capital,Urban agglomerations and capital cities,"Censuses of 1990, 2000 and 2010; UN Estimate for 1950.",Urban Agglomeration,"For the 1990 census, the data reflect all residents of urban areas of the city. For the 2000 and 2010 censuses, the population of the city is composed of population in all city districts meeting the criteria such as contiguous built-up areas, being the location of the local government, being a Street or Having a Resident Committee.",Urban Population,0
386,China,156,CHN,CN,20596,Leshan,Non-Capital,Urban agglomerations and capital cities,"Censuses of 1990, 2000 and 2010.",Urban Agglomeration,"For the 1990 census, the data reflect all residents of urban areas of the city. For the 2000 and 2010 censuses, the population of the city is composed of population in all city districts meeting the criteria such as contiguous built-up areas, being the location of the local government, being a Street or Having a Resident Committee.",Urban Population,0
387,China,156,CHN,CN,20597,Lianyungang,Non-Capital,Urban agglomerations and capital cities,"Censuses of 1982, 1990, 2000 and 2010; Estimate for 2017.",Urban Agglomeration,"For the 1982 and 1990 censuses, the data reflect all residents of urban areas of the city. For the 2000 and 2010 censuses, the population of the city is composed of population in all city districts meeting the criteria such as contiguous built-up areas, being the location of the local government, being a Street or Having a Resident Committee.",Urban Population,0
388,China,156,CHN,CN,23854,Liaocheng,Non-Capital,Urban agglomerations and capital cities,"Censuses of 1990, 2000 and 2010.",Urban Agglomeration,"For the 1990 census, the data reflect all residents of urban areas of the city. For the 2000 and 2010 censuses, the population of the city is composed of population in all city districts meeting the criteria such as contiguous built-up areas, being the location of the local government, being a Street or Having a Resident Committee.",Urban Population,0
389,China,156,CHN,CN,20598,Liaoyang,Non-Capital,Urban agglomerations and capital cities,"Censuses of 1953, 1964, 1990, 2000 and 2010; Estimate for 1984.",Urban Agglomeration,"For the 1990 census, the data reflect all residents of urban areas of the city. For the 2000 and 2010 censuses, the population of the city is composed of population in all city districts meeting the criteria such as contiguous built-up areas, being the location of the local government, being a Street or Having a Resident Committee.",Urban Population,0
390,China,156,CHN,CN,20599,Liaoyuan,Non-Capital,Urban agglomerations and capital cities,"Censuses of 1953, 1990, 2000 and 2010.",City Proper,"For the 1990 census, the data reflect all residents of urban areas of the city. For the 2000 and 2010 censuses, the population of the city is composed of population in all city districts meeting the criteria such as contiguous built-up areas, being the location of the local government, being a Street or Having a Resident Committee.",Urban Population,0
391,China,156,CHN,CN,23732,Liling,Non-Capital,Urban agglomerations and capital cities,"Censuses of 1990, 2000 and 2010.",Urban Agglomeration,"For the 1990 census, the data reflect all residents of urban areas of the city. For the 2000 and 2010 censuses, the population of the city is composed of population in all city districts meeting the criteria such as contiguous built-up areas, being the location of the local government, being a Street or Having a Resident Committee.",Urban Population,0
392,China,156,CHN,CN,20600,Linfen,Non-Capital,Urban agglomerations and capital cities,"Censuses of 1990, 2000 and 2010.",Urban Agglomeration,"For the 1990 census, the data reflect all residents of urban areas of the city. For the 2000 and 2010 censuses, the population of the city is composed of population in all city districts meeting the criteria such as contiguous built-up areas, being the location of the local government, being a Street or Having a Resident Committee.",Urban Population,0
393,China,156,CHN,CN,23738,Linhai,Non-Capital,Urban agglomerations and capital cities,"Censuses of 1990, 2000 and 2010.",Urban Agglomeration,"For the 1990 census, the data reflect all residents of urban areas of the city. For the 2000 and 2010 censuses, the population of the city is composed of population in all city districts meeting the criteria such as contiguous built-up areas, being the location of the local government, being a Street or Having a Resident Committee.",Urban Population,0
394,China,156,CHN,CN,20602,Linqing,Non-Capital,Urban agglomerations and capital cities,"Censuses of 1990, 2000 and 2010.",Urban Agglomeration,"For the 1990 census, the data reflect all residents of urban areas of the city. For the 2000 and 2010 censuses, the population of the city is composed of population in all city districts meeting the criteria such as contiguous built-up areas, being the location of the local government, being a Street or Having a Resident Committee.",Urban Population,0
395,China,156,CHN,CN,20604,"Linyi, Shandong",Non-Capital,Urban agglomerations and capital cities,"Censuses of 1990, 2000 and 2010; Register of 1984.",Urban Agglomeration,"For the 1990 census, the data reflect all residents of urban areas of the city. For the 2000 and 2010 censuses, the population of the city is composed of population in all city districts meeting the criteria such as contiguous built-up areas, being the location of the local government, being a Street or Having a Resident Committee.",Urban Population,0
396,China,156,CHN,CN,23740,Linzhou,Non-Capital,Urban agglomerations and capital cities,"Censuses of 1990, 2000 and 2010; UN Estimate for 1950.",Urban Agglomeration,"For the 1990 census, the data reflect all residents of urban areas of the city. For the 2000 and 2010 censuses, the population of the city is composed of population in all city districts meeting the criteria such as contiguous built-up areas, being the location of the local government, being a Street or Having a Resident Committee.",Urban Population,0
397,China,156,CHN,CN,20605,"Lishui, Zhejiang",Non-Capital,Urban agglomerations and capital cities,"Censuses of 1990, 2000 and 2010.",Urban Agglomeration,"For the 1990 census, the data reflect all residents of urban areas of the city. For the 2000 and 2010 censuses, the population of the city is composed of population in all city districts meeting the criteria such as contiguous built-up areas, being the location of the local government, being a Street or Having a Resident Committee.",Urban Population,0
398,China,156,CHN,CN,20610,Liuan,Non-Capital,Urban agglomerations and capital cities,"Censuses of 1982, 1990, 2000 and 2010.",Urban Agglomeration,"For the 1982 and 1990 censuses, the data reflect all residents of urban areas of the city. For the 2000 and 2010 censuses, the population of the city is composed of population in all city districts meeting the criteria such as contiguous built-up areas, being the location of the local government, being a Street or Having a Resident Committee.",Urban Population,0
399,China,156,CHN,CN,20613,Liupanshui,Non-Capital,Urban agglomerations and capital cities,"Censuses of 1990, 2000 and 2010.",Urban Agglomeration,"For the 1990 census, the data reflect all residents of urban areas of the city. For the 2000 and 2010 censuses, the population of the city is composed of population in all city districts meeting the criteria such as contiguous built-up areas, being the location of the local government, being a Street or Having a Resident Committee.",Urban Population,0
400,China,156,CHN,CN,23744,Liuyang,Non-Capital,Urban agglomerations and capital cities,"Censuses of 1990, 2000 and 2010; Register of 1984.",Urban Agglomeration,"For the 1990 census, the data reflect all residents of urban areas of the city. For the 2000 and 2010 censuses, the population of the city is composed of population in all city districts meeting the criteria such as contiguous built-up areas, being the location of the local government, being a Street or Having a Resident Committee.",Urban Population,0
401,China,156,CHN,CN,20606,Liuzhou,Non-Capital,Urban agglomerations and capital cities,"Censuses of 1953, 1990, 2000 and 2010; Register of 1955, 1964 and 1982; Sample Survey of 2015.",Urban Agglomeration,"For the 1982 and 1990 censuses, the data reflect all residents of urban areas of the city. For the 2000 and 2010 censuses, the population of the city is composed of population in all city districts meeting the criteria such as contiguous built-up areas, being the location of the local government, being a Street or Having a Resident Committee.",Urban Population,0
402,China,156,CHN,CN,23746,Liyang,Non-Capital,Urban agglomerations and capital cities,"Censuses of 1990, 2000 and 2010; Register of 1984.",Urban Agglomeration,"For the 1990 census, the data reflect all residents of urban areas of the city. For the 2000 and 2010 censuses, the population of the city is composed of population in all city districts meeting the criteria such as contiguous built-up areas, being the location of the local government, being a Street or Having a Resident Committee.",Urban Population,0
403,China,156,CHN,CN,895000431,Longchang,Non-Capital,Urban agglomerations and capital cities,Censuses of 2000 and 2010; Estimates for 1950 and 2013.,Urban Agglomeration,"For the 2000 and 2010 censuses, the population of the city is composed of population in all city districts meeting the criteria such as contiguous built-up areas, being the location of the local government, being a Street or Having a Resident Committee.",Urban Population,2
404,China,156,CHN,CN,23747,Longhai,Non-Capital,Urban agglomerations and capital cities,"Censuses of 1990, 2000 and 2010; UN Estimate for 1950.",Urban Agglomeration,"For the 1990 census, the data reflect all residents of urban areas of the city. For the 2000 and 2010 censuses, the population of the city is composed of population in all city districts meeting the criteria such as contiguous built-up areas, being the location of the local government, being a Street or Having a Resident Committee.",Urban Population,0
405,China,156,CHN,CN,23748,Longkou,Non-Capital,Urban agglomerations and capital cities,"Censuses of 1990, 2000 and 2010; UN Estimate for 1950.",Urban Agglomeration,"For the 1990 census, the data reflect all residents of urban areas of the city. For the 2000 and 2010 censuses, the population of the city is composed of population in all city districts meeting the criteria such as contiguous built-up areas, being the location of the local government, being a Street or Having a Resident Committee.",Urban Population,0
406,China,156,CHN,CN,20608,Longyan,Non-Capital,Urban agglomerations and capital cities,"Censuses of 1990, 2000 and 2010; UN Estimate for 1950.",Urban Agglomeration,"For the 1990 census, the data reflect all residents of urban areas of the city. For the 2000 and 2010 censuses, the population of the city is composed of population in all city districts meeting the criteria such as contiguous built-up areas, being the location of the local government, being a Street or Having a Resident Committee.",Urban Population,0
407,China,156,CHN,CN,20609,Loudi,Non-Capital,Urban agglomerations and capital cities,"Censuses of 1990, 2000 and 2010; Register of 1984.",Urban Agglomeration,"For the 1990 census, the data reflect all residents of urban areas of the city. For the 2000 and 2010 censuses, the population of the city is composed of population in all city districts meeting the criteria such as contiguous built-up areas, being the location of the local government, being a Street or Having a Resident Committee.",Urban Population,0
408,China,156,CHN,CN,23752,Luoding,Non-Capital,Urban agglomerations and capital cities,"Censuses of 1990, 2000 and 2010; UN Estimate for 1950.",City Proper,"For the 1990 census, the data reflect all residents of urban areas of the city. For the 2000 and 2010 censuses, the population of the city is composed of population in all city districts meeting the criteria such as contiguous built-up areas, being the location of the local government, being a Street or Having a Resident Committee.",Urban Population,0
409,China,156,CHN,CN,20611,Luohe,Non-Capital,Urban agglomerations and capital cities,"Censuses of 1990, 2000 and 2010; UN Estimate for 1950.",Urban Agglomeration,"For the 1990 census, the data reflect all residents of urban areas of the city. For the 2000 and 2010 censuses, the population of the city is composed of population in all city districts meeting the criteria such as contiguous built-up areas, being the location of the local government, being a Street or Having a Resident Committee.",Urban Population,0
410,China,156,CHN,CN,20612,Luoyang,Non-Capital,Urban agglomerations and capital cities,"Censuses of 1953, 1990, 2000 and 2010; Register of 1962, 1965, 1970 and 1980.",Urban Agglomeration,"For the 1990 census, the data reflect all residents of urban areas of the city. For the 2000 and 2010 censuses, the population of the city is composed of population in all city districts meeting the criteria such as contiguous built-up areas, being the location of the local government, being a Street or Having a Resident Committee.",Urban Population,0
411,China,156,CHN,CN,20614,Luzhou,Non-Capital,Urban agglomerations and capital cities,"Censuses of 1990, 2000 and 2010; Register of 1984.",Urban Agglomeration,"For the 1990 census, the data reflect all residents of urban areas of the city. For the 2000 and 2010 censuses, the population of the city is composed of population in all city districts meeting the criteria such as contiguous built-up areas, being the location of the local government, being a Street or Having a Resident Committee.",Urban Population,0
412,China,156,CHN,CN,205666,Lvliang,Non-Capital,Urban agglomerations and capital cities,"Censuses of 1990, 2000 and 2010; UN Estimate for 1950.",Urban Agglomeration,"For the 1990 census, the data reflect all residents of urban areas of the city. For the 2000 and 2010 censuses, the population of the city is composed of population in all city districts meeting the criteria such as contiguous built-up areas, being the location of the local government, being a Street or Having a Resident Committee.",Urban Population,0
413,China,156,CHN,CN,20615,Ma'anshan,Non-Capital,Urban agglomerations and capital cities,"Censuses of 1990, 2000 and 2010.",Urban Agglomeration,"For the 1990 census, the data reflect all residents of urban areas of the city. For the 2000 and 2010 censuses, the population of the city is composed of population in all city districts meeting the criteria such as contiguous built-up areas, being the location of the local government, being a Street or Having a Resident Committee.",Urban Population,0
414,China,156,CHN,CN,23755,Macheng,Non-Capital,Urban agglomerations and capital cities,"Censuses of 1990, 2000 and 2010.",Urban Agglomeration,"For the 1990 census, the data reflect all residents of urban areas of the city. For the 2000 and 2010 censuses, the population of the city is composed of population in all city districts meeting the criteria such as contiguous built-up areas, being the location of the local government, being a Street or Having a Resident Committee.",Urban Population,0
415,China,156,CHN,CN,20616,Manzhouli,Non-Capital,Urban agglomerations and capital cities,"Censuses of 1982, 1990, 2000 and 2010.",Urban Agglomeration,"For the 1982 and 1990 censuses, the data reflect all residents of urban areas of the city. For the 2000 and 2010 censuses, the population of the city is composed of population in all city districts meeting the criteria such as contiguous built-up areas, being the location of the local government, being a Street or Having a Resident Committee.",Urban Population,0
416,China,156,CHN,CN,20617,Maoming,Non-Capital,Urban agglomerations and capital cities,"Censuses of 1990, 2000 and 2010; Estimate for 1982; Register of 1964.",Urban Agglomeration,"For the 1982 and 1990 censuses, the data reflect all residents of urban areas of the city. For the 2000 and 2010 censuses, the population of the city is composed of population in all city districts meeting the criteria such as contiguous built-up areas, being the location of the local government, being a Street or Having a Resident Committee.",Urban Population,0
417,China,156,CHN,CN,23757,Meishan,Non-Capital,Urban agglomerations and capital cities,"Censuses of 1990, 2000 and 2010; UN Estimate for 1950.",Urban Agglomeration,"For the 1990 census, the data reflect all residents of urban areas of the city. For the 2000 and 2010 censuses, the population of the city is composed of population in all city districts meeting the criteria such as contiguous built-up areas, being the location of the local government, being a Street or Having a Resident Committee.",Urban Population,0
418,China,156,CHN,CN,20618,Meizhou,Non-Capital,Urban agglomerations and capital cities,"Censuses of 1982, 1990, 2000 and 2010.",Urban Agglomeration,"For the 1982 and 1990 censuses, the data reflect all residents of urban areas of the city. For the 2000 and 2010 censuses, the population of the city is composed of population in all city districts meeting the criteria such as contiguous built-up areas, being the location of the local government, being a Street or Having a Resident Committee.",Urban Population,0
419,China,156,CHN,CN,20619,"Mianyang, Sichuan",Non-Capital,Urban agglomerations and capital cities,Censuses of 2000 and 2010; Register of 1984 and 1988.,Urban Agglomeration,"For the 1990 census, the data reflect all residents of urban areas of the city. For the 2000 and 2010 censuses, the population of the city is composed of population in all city districts meeting the criteria such as contiguous built-up areas, being the location of the local government, being a Street or Having a Resident Committee.",Urban Population,0
420,China,156,CHN,CN,23760,Miluo,Non-Capital,Urban agglomerations and capital cities,"Censuses of 1990, 2000 and 2010; Estimate for 2015; UN Estimate for 1950.",Urban Agglomeration,"For the 1990 census, the data reflect all residents of urban areas of the city. For the 2000 and 2010 censuses, the population of the city is composed of population in all city districts meeting the criteria such as contiguous built-up areas, being the location of the local government, being a Street or Having a Resident Committee.",Urban Population,0
421,China,156,CHN,CN,20621,Mudanjiang,Non-Capital,Urban agglomerations and capital cities,"Censuses of 1953, 1982, 1990, 2000 and 2010.",Urban Agglomeration,"For the 1982 and 1990 censuses, the data reflect all residents of urban areas of the city. For the 2000 and 2010 censuses, the population of the city is composed of population in all city districts meeting the criteria such as contiguous built-up areas, being the location of the local government, being a Street or Having a Resident Committee.",Urban Population,0
422,China,156,CHN,CN,20622,Nanchang,Non-Capital,Urban agglomerations and capital cities,"Censuses of 1953, 1964, 1982, 1990, 2000 and 2010; Estimate for 2015; Register of 1970.",Urban Agglomeration,"For the 1982 and 1990 censuses, the data reflect all residents of urban areas of the city. For the 2000 and 2010 censuses, the population of the city is composed of population in all city districts meeting the criteria such as contiguous built-up areas, being the location of the local government, being a Street or Having a Resident Committee.",Urban Population,0
423,China,156,CHN,CN,20623,Nanchong,Non-Capital,Urban agglomerations and capital cities,"Censuses of 1953, 1964, 1982, 1990, 2000 and 2010.",Urban Agglomeration,"For the 1982 and 1990 censuses, the data reflect all residents of urban areas of the city. For the 2000 and 2010 censuses, the population of the city is composed of population in all city districts meeting the criteria such as contiguous built-up areas, being the location of the local government, being a Street or Having a Resident Committee.",Urban Population,0
424,China,156,CHN,CN,20625,"Nanjing, Jiangsu",Non-Capital,Urban agglomerations and capital cities,"Censuses of 1953, 1982, 1990, 2000 and 2010.",Urban Agglomeration,"For the 1982 and 1990 censuses, the data reflect all residents of urban areas of the city. For the 2000 and 2010 censuses, the population of the city is composed of population in all city districts meeting the criteria such as contiguous built-up areas, being the location of the local government, being a Street or Having a Resident Committee.",Urban Population,0
425,China,156,CHN,CN,23684,Nankang,Non-Capital,Urban agglomerations and capital cities,"Censuses of 1990, 2000 and 2010; UN Estimates for 1950 and 2012.",Urban Agglomeration,"For the 1990 census, the data reflect all residents of urban areas of the city. For the 2000 and 2010 censuses, the population of the city is composed of population in all city districts meeting the criteria such as contiguous built-up areas, being the location of the local government, being a Street or Having a Resident Committee.",Urban Population,0
426,China,156,CHN,CN,20626,Nanning,Non-Capital,Urban agglomerations and capital cities,"Censuses of 1953, 1964, 1990, 2000 and 2010; Estimate for 1950; Register of 1966, 1970, 1975 and 1980; Sample Survey of 2015.",Urban Agglomeration,"For the 1990 census, the data reflect all residents of urban areas of the city. For the 2000 and 2010 censuses, the population of the city is composed of population in all city districts meeting the criteria such as contiguous built-up areas, being the location of the local government, being a Street or Having a Resident Committee.",Urban Population,0
427,China,156,CHN,CN,20627,Nanping,Non-Capital,Urban agglomerations and capital cities,"Censuses of 1990, 2000 and 2010.",Urban Agglomeration,"For the 1990 census, the data reflect all residents of urban areas of the city. For the 2000 and 2010 censuses, the population of the city is composed of population in all city districts meeting the criteria such as contiguous built-up areas, being the location of the local government, being a Street or Having a Resident Committee.",Urban Population,0
428,China,156,CHN,CN,20628,Nantong,Non-Capital,Urban agglomerations and capital cities,"Censuses of 1953, 1964, 1982, 1990, 2000 and 2010; Register of 1960 and 1970; UN Estimate for 2006.",Urban Agglomeration,"For the 1982 and 1990 censuses, the data reflect all residents of urban areas of the city. For the 2000 and 2010 censuses, the population of the city is composed of population in all city districts meeting the criteria such as contiguous built-up areas, being the location of the local government, being a Street or Having a Resident Committee.",Urban Population,0
429,China,156,CHN,CN,20629,"Nanyang, Henan",Non-Capital,Urban agglomerations and capital cities,"Censuses of 1953, 1964, 1982, 1990, 2000 and 2010.",Urban Agglomeration,"For the 1982 and 1990 censuses, the data reflect all residents of urban areas of the city. For the 2000 and 2010 censuses, the population of the city is composed of population in all city districts meeting the criteria such as contiguous built-up areas, being the location of the local government, being a Street or Having a Resident Committee.",Urban Population,0
430,China,156,CHN,CN,20630,Neijiang,Non-Capital,Urban agglomerations and capital cities,"Censuses of 1953, 1964, 1982, 2000 and 2010.",Urban Agglomeration,"For the 1982 and 1990 censuses, the data reflect all residents of urban areas of the city. For the 2000 and 2010 censuses, the population of the city is composed of population in all city districts meeting the criteria such as contiguous built-up areas, being the location of the local government, being a Street or Having a Resident Committee.",Urban Population,0
431,China,156,CHN,CN,20631,Ningbo,Non-Capital,Urban agglomerations and capital cities,"Censuses of 1953, 1964, 1982, 1990, 2000 and 2010; Register of 1970 and 1975.",Urban Agglomeration,"For the 1982 and 1990 censuses, the data reflect all residents of urban areas of the city. For the 2000 and 2010 censuses, the population of the city is composed of population in all city districts meeting the criteria such as contiguous built-up areas, being the location of the local government, being a Street or Having a Resident Committee.",Urban Population,0
432,China,156,CHN,CN,20632,Ningde,Non-Capital,Urban agglomerations and capital cities,"Censuses of 1990, 2000 and 2010; UN Estimate for 1950.",Urban Agglomeration,"For the 1990 census, the data reflect all residents of urban areas of the city. For the 2000 and 2010 censuses, the population of the city is composed of population in all city districts meeting the criteria such as contiguous built-up areas, being the location of the local government, being a Street or Having a Resident Committee.",Urban Population,0
433,China,156,CHN,CN,23688,Ningguo,Non-Capital,Urban agglomerations and capital cities,"Censuses of 1990, 2000 and 2010; UN Estimate for 1950.",Urban Agglomeration,"For the 1990 census, the data reflect all residents of urban areas of the city. For the 2000 and 2010 censuses, the population of the city is composed of population in all city districts meeting the criteria such as contiguous built-up areas, being the location of the local government, being a Street or Having a Resident Committee.
",Urban Population,0
434,China,156,CHN,CN,20633,Panjin,Non-Capital,Urban agglomerations and capital cities,"Censuses of 1990, 2000 and 2010.",Urban Agglomeration,"For the 1990 census, the data reflect all residents of urban areas of the city. For the 2000 and 2010 censuses, the population of the city is composed of population in all city districts meeting the criteria such as contiguous built-up areas, being the location of the local government, being a Street or Having a Resident Committee.",Urban Population,0
435,China,156,CHN,CN,23690,Panzhihua,Non-Capital,Urban agglomerations and capital cities,"Censuses of 1990, 2000 and 2010.",Urban Agglomeration,"For the 1990 census, the data reflect all residents of urban areas of the city. For the 2000 and 2010 censuses, the population of the city is composed of population in all city districts meeting the criteria such as contiguous built-up areas, being the location of the local government, being a Street or Having a Resident Committee.",Urban Population,0
436,China,156,CHN,CN,20634,"Pingdingshan, Henan",Non-Capital,Urban agglomerations and capital cities,"Censuses of 1964, 1982, 1990, 2000 and 2010.",City Proper,"For the 1982 and 1990 censuses, the data reflect all residents of urban areas of the city. For the 2000 and 2010 censuses, the population of the city is composed of population in all city districts meeting the criteria such as contiguous built-up areas, being the location of the local government, being a Street or Having a Resident Committee.",Urban Population,0
437,China,156,CHN,CN,23693,Pingdu,Non-Capital,Urban agglomerations and capital cities,"Censuses of 1990, 2000 and 2010; UN Estimate for 1950.",Urban Agglomeration,"For the 1990 census, the data reflect all residents of urban areas of the city. For the 2000 and 2010 censuses, the population of the city is composed of population in all city districts meeting the criteria such as contiguous built-up areas, being the location of the local government, being a Street or Having a Resident Committee.",Urban Population,0
438,China,156,CHN,CN,23694,Pinghu,Non-Capital,Urban agglomerations and capital cities,"Censuses of 1990, 2000 and 2010.",City Proper,"For the 1990 census, the data reflect all residents of urban areas of the city. For the 2000 and 2010 censuses, the population of the city is composed of population in all city districts meeting the criteria such as contiguous built-up areas, being the location of the local government, being a Street or Having a Resident Committee.",Urban Population,0
439,China,156,CHN,CN,20635,Pingliang,Non-Capital,Urban agglomerations and capital cities,"Censuses of 1990, 2000 and 2010.",Urban Agglomeration,"For the 1990 census, the data reflect all residents of urban areas of the city. For the 2000 and 2010 censuses, the population of the city is composed of population in all city districts meeting the criteria such as contiguous built-up areas, being the location of the local government, being a Street or Having a Resident Committee.",Urban Population,0
440,China,156,CHN,CN,20636,"Pingxiang, Jiangxi",Non-Capital,Urban agglomerations and capital cities,Censuses of 2000 and 2010; Estimate for 1984.,Urban Agglomeration,"For the 1990 census, the data reflect all residents of urban areas of the city. For the 2000 and 2010 censuses, the population of the city is composed of population in all city districts meeting the criteria such as contiguous built-up areas, being the location of the local government, being a Street or Having a Resident Committee.",Urban Population,0
441,China,156,CHN,CN,23695,Pizhou,Non-Capital,Urban agglomerations and capital cities,"Censuses of 1990, 2000 and 2010; UN Estimate for 1950.",Urban Agglomeration,"For the 1990 census, the data reflect all residents of urban areas of the city. For the 2000 and 2010 censuses, the population of the city is composed of population in all city districts meeting the criteria such as contiguous built-up areas, being the location of the local government, being a Street or Having a Resident Committee.",Urban Population,0
442,China,156,CHN,CN,23697,Puning,Non-Capital,Urban agglomerations and capital cities,"Censuses of 1990, 2000 and 2010; Register of 1984.",Urban Agglomeration,"For the 1990 census, the data reflect all residents of urban areas of the city. For the 2000 and 2010 censuses, the population of the city is composed of population in all city districts meeting the criteria such as contiguous built-up areas, being the location of the local government, being a Street or Having a Resident Committee.",Urban Population,0
443,China,156,CHN,CN,20639,Putian,Non-Capital,Urban agglomerations and capital cities,"Censuses of 1990, 2000 and 2010; UN Estimate for 1964.",Urban Agglomeration,"For the 1990 census, the data reflect all residents of urban areas of the city. For the 2000 and 2010 censuses, the population of the city is composed of population in all city districts meeting the criteria such as contiguous built-up areas, being the location of the local government, being a Street or Having a Resident Committee.",Urban Population,0
444,China,156,CHN,CN,20640,Puyang,Non-Capital,Urban agglomerations and capital cities,"Censuses of 1990, 2000 and 2010; Register of 1985.",Urban Agglomeration,"For the 1990 census, the data reflect all residents of urban areas of the city. For the 2000 and 2010 censuses, the population of the city is composed of population in all city districts meeting the criteria such as contiguous built-up areas, being the location of the local government, being a Street or Having a Resident Committee.",Urban Population,0
445,China,156,CHN,CN,23827,Qianjiang,Non-Capital,Urban agglomerations and capital cities,"Censuses of 1990, 2000 and 2010.",Urban Agglomeration,"For the 1990 census, the data reflect all residents of urban areas of the city. For the 2000 and 2010 censuses, the population of the city is composed of population in all city districts meeting the criteria such as contiguous built-up areas, being the location of the local government, being a Street or Having a Resident Committee.",Urban Population,0
446,China,156,CHN,CN,23828,Qidong,Non-Capital,Urban agglomerations and capital cities,"Censuses of 1990, 2000 and 2010; UN Estimate for 1950.",Urban Agglomeration,"For the 1990 census, the data reflect all residents of urban areas of the city. For the 2000 and 2010 censuses, the population of the city is composed of population in all city districts meeting the criteria such as contiguous built-up areas, being the location of the local government, being a Street or Having a Resident Committee.",Urban Population,0
447,China,156,CHN,CN,20641,Qingdao,Non-Capital,Urban agglomerations and capital cities,"Censuses of 1953, 1964, 1982, 1990, 2000 and 2010; Estimates for 1951 and 2016; Register of 1970; Sample Survey of 1975.",Urban Agglomeration,"For the 1982 and 1990 censuses, the data reflect all residents of urban areas of the city. For the 2000 and 2010 censuses, the population of the city is composed of population in all city districts meeting the criteria such as contiguous built-up areas, being the location of the local government, being a Street or Having a Resident Committee.",Urban Population,0
448,China,156,CHN,CN,20643,Qingyuan,Non-Capital,Urban agglomerations and capital cities,"Censuses of 1990, 2000 and 2010; UN Estimate for 2012.",Urban Agglomeration,"For the 1990 census, the data reflect all residents of urban areas of the city. For the 2000 and 2010 censuses, the population of the city is composed of population in all city districts meeting the criteria such as contiguous built-up areas, being the location of the local government, being a Street or Having a Resident Committee.",Urban Population,0
449,China,156,CHN,CN,23830,Qingzhou,Non-Capital,Urban agglomerations and capital cities,"Censuses of 1990, 2000 and 2010; UN Estimate for 1950.",Urban Agglomeration,"For the 1990 census, the data reflect all residents of urban areas of the city. For the 2000 and 2010 censuses, the population of the city is composed of population in all city districts meeting the criteria such as contiguous built-up areas, being the location of the local government, being a Street or Having a Resident Committee.",Urban Population,0
450,China,156,CHN,CN,20644,Qinhuangdao,Non-Capital,Urban agglomerations and capital cities,"Censuses of 1982, 1990, 2000 and 2010; Estimate for 1950.",Urban Agglomeration,"For the 1982 and 1990 censuses, the data reflect all residents of urban areas of the city. For the 2000 and 2010 censuses, the population of the city is composed of population in all city districts meeting the criteria such as contiguous built-up areas, being the location of the local government, being a Street or Having a Resident Committee.",Urban Population,0
451,China,156,CHN,CN,23698,Qinzhou,Non-Capital,Urban agglomerations and capital cities,"Censuses of 1990, 2000 and 2010; UN Estimate for 1950.",Urban Agglomeration,"For the 1990 census, the data reflect all residents of urban areas of the city. For the 2000 and 2010 censuses, the population of the city is composed of population in all city districts meeting the criteria such as contiguous built-up areas, being the location of the local government, being a Street or Having a Resident Committee.",Urban Population,0
452,China,156,CHN,CN,20646,Qiqihaer,Non-Capital,Urban agglomerations and capital cities,"Censuses of 1953, 1990, 2000 and 2010.",Urban Agglomeration,"For the 1990 census, the data reflect all residents of urban areas of the city. For the 2000 and 2010 censuses, the population of the city is composed of population in all city districts meeting the criteria such as contiguous built-up areas, being the location of the local government, being a Street or Having a Resident Committee.",Urban Population,0
453,China,156,CHN,CN,20647,Qitaihe,Non-Capital,Urban agglomerations and capital cities,"Censuses of 1990, 2000 and 2010.",Urban Agglomeration,"For the 1990 census, the data reflect all residents of urban areas of the city. For the 2000 and 2010 censuses, the population of the city is composed of population in all city districts meeting the criteria such as contiguous built-up areas, being the location of the local government, being a Street or Having a Resident Committee.",Urban Population,0
454,China,156,CHN,CN,20648,Quanzhou,Non-Capital,Urban agglomerations and capital cities,"Censuses of 1953, 1990, 2000 and 2010; Register of 1984.",Urban Agglomeration,"For the 1990 census, the data reflect all residents of urban areas of the city. For the 2000 and 2010 censuses, the population of the city is composed of population in all city districts meeting the criteria such as contiguous built-up areas, being the location of the local government, being a Street or Having a Resident Committee.",Urban Population,0
455,China,156,CHN,CN,23703,Qufu,Non-Capital,Urban agglomerations and capital cities,"Censuses of 1990, 2000 and 2010; UN Estimate for 1950.",Urban Agglomeration,"For the 1990 census, the data reflect all residents of urban areas of the city. For the 2000 and 2010 censuses, the population of the city is composed of population in all city districts meeting the criteria such as contiguous built-up areas, being the location of the local government, being a Street or Having a Resident Committee.",Urban Population,0
456,China,156,CHN,CN,23704,Qujing,Non-Capital,Urban agglomerations and capital cities,"Censuses of 1990, 2000 and 2010; Estimates for 1953 and 2015.",Urban Agglomeration,"For the 1990 census, the data reflect all residents of urban areas of the city. For the 2000 and 2010 censuses, the population of the city is composed of population in all city districts meeting the criteria such as contiguous built-up areas, being the location of the local government, being a Street or Having a Resident Committee.",Urban Population,0
457,China,156,CHN,CN,20649,Quzhou,Non-Capital,Urban agglomerations and capital cities,"Censuses of 1990, 2000 and 2010; Estimate for 1950.",Urban Agglomeration,"For the 1990 census, the data reflect all residents of urban areas of the city. For the 2000 and 2010 censuses, the population of the city is composed of population in all city districts meeting the criteria such as contiguous built-up areas, being the location of the local government, being a Street or Having a Resident Committee.",Urban Population,0
458,China,156,CHN,CN,23705,Renqiu,Non-Capital,Urban agglomerations and capital cities,"Censuses of 1990, 2000 and 2010; UN Estimate for 1950.",Urban Agglomeration,"For the 1990 census, the data reflect all residents of urban areas of the city. For the 2000 and 2010 censuses, the population of the city is composed of population in all city districts meeting the criteria such as contiguous built-up areas, being the location of the local government, being a Street or Having a Resident Committee.",Urban Population,0
459,China,156,CHN,CN,23706,Rizhao,Non-Capital,Urban agglomerations and capital cities,"Censuses of 1990, 2000 and 2010.",Urban Agglomeration,"For the 1990 census, the data reflect all residents of urban areas of the city. For the 2000 and 2010 censuses, the population of the city is composed of population in all city districts meeting the criteria such as contiguous built-up areas, being the location of the local government, being a Street or Having a Resident Committee.",Urban Population,0
460,China,156,CHN,CN,23707,Rongcheng,Non-Capital,Urban agglomerations and capital cities,"Censuses of 1990, 2000 and 2010; UN Estimate for 1950.",Urban Agglomeration,"For the 1990 census, the data reflect all residents of urban areas of the city. For the 2000 and 2010 censuses, the population of the city is composed of population in all city districts meeting the criteria such as contiguous built-up areas, being the location of the local government, being a Street or Having a Resident Committee.",Urban Population,0
461,China,156,CHN,CN,23708,Rugao,Non-Capital,Urban agglomerations and capital cities,"Censuses of 1990, 2000 and 2010; UN Estimate for 1950.",Urban Agglomeration,"For the 1990 census, the data reflect all residents of urban areas of the city. For the 2000 and 2010 censuses, the population of the city is composed of population in all city districts meeting the criteria such as contiguous built-up areas, being the location of the local government, being a Street or Having a Resident Committee.",Urban Population,0
462,China,156,CHN,CN,23709,Ruian,Non-Capital,Urban agglomerations and capital cities,"Censuses of 1990, 2000 and 2010.",Urban Agglomeration,"For the 1990 census, the data reflect all residents of urban areas of the city. For the 2000 and 2010 censuses, the population of the city is composed of population in all city districts meeting the criteria such as contiguous built-up areas, being the location of the local government, being a Street or Having a Resident Committee.",Urban Population,0
463,China,156,CHN,CN,23712,Rushan,Non-Capital,Urban agglomerations and capital cities,"Censuses of 1990, 2000 and 2010.",Urban Agglomeration,"For the 1990 census, the data reflect all residents of urban areas of the city. For the 2000 and 2010 censuses, the population of the city is composed of population in all city districts meeting the criteria such as contiguous built-up areas, being the location of the local government, being a Street or Having a Resident Committee.",Urban Population,0
464,China,156,CHN,CN,23714,Sanhe,Non-Capital,Urban agglomerations and capital cities,"Censuses of 1990, 2000 and 2010; UN Estimate for 1950.",Urban Agglomeration,"For the 1990 census, the data reflect all residents of urban areas of the city. For the 2000 and 2010 censuses, the population of the city is composed of population in all city districts meeting the criteria such as contiguous built-up areas, being the location of the local government, being a Street or Having a Resident Committee.",Urban Population,0
465,China,156,CHN,CN,20652,Sanmenxia,Non-Capital,Urban agglomerations and capital cities,"Censuses of 1990, 2000 and 2010.",Urban Agglomeration,"For the 1990 census, the data reflect all residents of urban areas of the city. For the 2000 and 2010 censuses, the population of the city is composed of population in all city districts meeting the criteria such as contiguous built-up areas, being the location of the local government, being a Street or Having a Resident Committee.",Urban Population,0
466,China,156,CHN,CN,20653,Sanming,Non-Capital,Urban agglomerations and capital cities,"Censuses of 1990, 2000 and 2010.",Urban Agglomeration,"For the 1990 census, the data reflect all residents of urban areas of the city. For the 2000 and 2010 censuses, the population of the city is composed of population in all city districts meeting the criteria such as contiguous built-up areas, being the location of the local government, being a Street or Having a Resident Committee.",Urban Population,0
467,China,156,CHN,CN,20654,Sanya,Non-Capital,Urban agglomerations and capital cities,"Censuses of 1990, 2000 and 2010; Estimate for 2016; UN Estimate for 1950.",Urban Agglomeration,"For the 1990 census, the data reflect all residents of urban areas of the city. For the 2000 and 2010 censuses, the population of the city is composed of population in all city districts meeting the criteria such as contiguous built-up areas, being the location of the local government, being a Street or Having a Resident Committee.",Urban Population,0
468,China,156,CHN,CN,20656,Shanghai,Non-Capital,Urban agglomerations and capital cities,"Censuses of 1953, 1964, 1982, 1990, 2000 and 2010; Estimates for 1950 and 2015; Register of 1957, 1959, 1965 and 1977.",City Proper,"For the 1982 and 1990 censuses, the data reflect all residents of urban areas of the city. For the 2000 and 2010 censuses, the population of the city is composed of population in all city districts meeting the criteria such as contiguous built-up areas, being the location of the local government, being a Street or Having a Resident Committee.",Urban Population,0
469,China,156,CHN,CN,20657,Shangqiu,Non-Capital,Urban agglomerations and capital cities,"Censuses of 1964, 1982, 1990, 2000 and 2010.",Urban Agglomeration,"For the 1982 and 1990 censuses, the data reflect all residents of urban areas of the city. For the 2000 and 2010 censuses, the population of the city is composed of population in all city districts meeting the criteria such as contiguous built-up areas, being the location of the local government, being a Street or Having a Resident Committee.",Urban Population,0
470,China,156,CHN,CN,20658,Shangrao,Non-Capital,Urban agglomerations and capital cities,"Censuses of 1990, 2000 and 2010; Estimates for 1953 and 2015.",Urban Agglomeration,"For the 1990 census, the data reflect all residents of urban areas of the city. For the 2000 and 2010 censuses, the population of the city is composed of population in all city districts meeting the criteria such as contiguous built-up areas, being the location of the local government, being a Street or Having a Resident Committee.",Urban Population,0
471,China,156,CHN,CN,23716,Shangyu,Non-Capital,Urban agglomerations and capital cities,"Censuses of 1990, 2000 and 2010.",Urban Agglomeration,"For the 1990 census, the data reflect all residents of urban areas of the city. For the 2000 and 2010 censuses, the population of the city is composed of population in all city districts meeting the criteria such as contiguous built-up areas, being the location of the local government, being a Street or Having a Resident Committee.",Urban Population,0
472,China,156,CHN,CN,20659,Shantou,Non-Capital,Urban agglomerations and capital cities,"Censuses of 1953, 1982, 1990, 2000 and 2010; Estimate for 2012; Register of 1970.",Urban Agglomeration,"For the 1982 and 1990 censuses, the data reflect all residents of urban areas of the city. For the 2000 and 2010 censuses, the population of the city is composed of population in all city districts meeting the criteria such as contiguous built-up areas, being the location of the local government, being a Street or Having a Resident Committee.",Urban Population,0
473,China,156,CHN,CN,20660,Shanwei,Non-Capital,Urban agglomerations and capital cities,"Censuses of 1990, 2000 and 2010.",Urban Agglomeration,"For the 1990 census, the data reflect all residents of urban areas of the city. For the 2000 and 2010 censuses, the population of the city is composed of population in all city districts meeting the criteria such as contiguous built-up areas, being the location of the local government, being a Street or Having a Resident Committee.",Urban Population,0
474,China,156,CHN,CN,20661,Shaoguan,Non-Capital,Urban agglomerations and capital cities,"Censuses of 1953, 1990, 2000 and 2010.",Urban Agglomeration,"For the 1990 census, the data reflect all residents of urban areas of the city. For the 2000 and 2010 censuses, the population of the city is composed of population in all city districts meeting the criteria such as contiguous built-up areas, being the location of the local government, being a Street or Having a Resident Committee.",Urban Population,0
475,China,156,CHN,CN,20663,Shaoxing,Non-Capital,Urban agglomerations and capital cities,"Censuses of 1982, 1990, 2000 and 2010; UN Estimate for 1950.",Urban Agglomeration,"For the 1982 and 1990 censuses, the data reflect all residents of urban areas of the city. For the 2000 and 2010 censuses, the population of the city is composed of population in all city districts meeting the criteria such as contiguous built-up areas, being the location of the local government, being a Street or Having a Resident Committee.",Urban Population,0
476,China,156,CHN,CN,20664,Shaoyang,Non-Capital,Urban agglomerations and capital cities,"Censuses of 1990, 2000 and 2010.",Urban Agglomeration,"For the 1990 census, the data reflect all residents of urban areas of the city. For the 2000 and 2010 censuses, the population of the city is composed of population in all city districts meeting the criteria such as contiguous built-up areas, being the location of the local government, being a Street or Having a Resident Committee.",Urban Population,0
477,China,156,CHN,CN,23719,Shengzhou,Non-Capital,Urban agglomerations and capital cities,"Censuses of 1990, 2000 and 2010.",Urban Agglomeration,"For the 1990 census, the data reflect all residents of urban areas of the city. For the 2000 and 2010 censuses, the population of the city is composed of population in all city districts meeting the criteria such as contiguous built-up areas, being the location of the local government, being a Street or Having a Resident Committee.",Urban Population,0
478,China,156,CHN,CN,895000430,Shenmu,Non-Capital,Urban agglomerations and capital cities,"Censuses of 1990, 2000 and 2010; Estimates for 1950 and 2018.",Urban Agglomeration,"For the 1990 census, the data reflect all residents of urban areas of the city. For the 2000 and 2010 censuses, the population of the city is composed of population in all city districts meeting the criteria such as contiguous built-up areas, being the location of the local government, being a Street or Having a Resident Committee.",Urban Population,2
479,China,156,CHN,CN,20666,Shenyang,Non-Capital,Urban agglomerations and capital cities,"Censuses of 1953, 1982, 1990, 2000 and 2010; Register of 1960 and 1970.",Urban Agglomeration,"For the 1982 and 1990 censuses, the data reflect all residents of urban areas of the city. For the 2000 and 2010 censuses, the population of the city is composed of population in all city districts meeting the criteria such as contiguous built-up areas, being the location of the local government, being a Street or Having a Resident Committee.",Urban Population,0
480,China,156,CHN,CN,20667,Shenzhen,Non-Capital,Urban agglomerations and capital cities,"Censuses of 1990, 2000 and 2010; Estimate for 2015; Register of 1979 and 1982; UN Estimate for 1950.",Urban Agglomeration,"For the 1982 and 1990 censuses, the data reflect all residents of urban areas of the city. For the 2000 and 2010 censuses, the population of the city is composed of population in all city districts meeting the criteria such as contiguous built-up areas, being the location of the local government, being a Street or Having a Resident Committee.",Urban Population,0
481,China,156,CHN,CN,20668,Shihezi,Non-Capital,Urban agglomerations and capital cities,"Censuses of 1990, 2000 and 2010.",Urban Agglomeration,"For the 1990 census, the data reflect all residents of urban areas of the city. For the 2000 and 2010 censuses, the population of the city is composed of population in all city districts meeting the criteria such as contiguous built-up areas, being the location of the local government, being a Street or Having a Resident Committee.",Urban Population,0
482,China,156,CHN,CN,20669,Shijiazhuang,Non-Capital,Urban agglomerations and capital cities,"Censuses of 1953, 1982, 1990, 2000 and 2010; Estimates for 1950 and 2015; Register of 1962, 1966 and 1970.",Urban Agglomeration,"For the 1982 and 1990 censuses, the data reflect all residents of urban areas of the city. For the 2000 and 2010 censuses, the population of the city is composed of population in all city districts meeting the criteria such as contiguous built-up areas, being the location of the local government, being a Street or Having a Resident Committee.",Urban Population,0
483,China,156,CHN,CN,20670,Shishi,Non-Capital,Urban agglomerations and capital cities,"Censuses of 1990, 2000 and 2010; UN Estimate for 1950.",Urban Agglomeration,"For the 1990 census, the data reflect all residents of urban areas of the city. For the 2000 and 2010 censuses, the population of the city is composed of population in all city districts meeting the criteria such as contiguous built-up areas, being the location of the local government, being a Street or Having a Resident Committee.",Urban Population,0
484,China,156,CHN,CN,20671,Shiyan,Non-Capital,Urban agglomerations and capital cities,"Censuses of 1990, 2000 and 2010.",Urban Agglomeration,"For the 1990 census, the data reflect all residents of urban areas of the city. For the 2000 and 2010 censuses, the population of the city is composed of population in all city districts meeting the criteria such as contiguous built-up areas, being the location of the local government, being a Street or Having a Resident Committee.",Urban Population,0
485,China,156,CHN,CN,20672,Shizuishan,Non-Capital,Urban agglomerations and capital cities,"Censuses of 1982, 1990, 2000 and 2010.",Urban Agglomeration,"For the 1982 and 1990 censuses, the data reflect all residents of urban areas of the city. For the 2000 and 2010 censuses, the population of the city is composed of population in all city districts meeting the criteria such as contiguous built-up areas, being the location of the local government, being a Street or Having a Resident Committee.",Urban Population,0
486,China,156,CHN,CN,23724,Shouguang,Non-Capital,Urban agglomerations and capital cities,"Censuses of 1990, 2000 and 2010; UN Estimate for 1950.",Urban Agglomeration,"For the 1990 census, the data reflect all residents of urban areas of the city. For the 2000 and 2010 censuses, the population of the city is composed of population in all city districts meeting the criteria such as contiguous built-up areas, being the location of the local government, being a Street or Having a Resident Committee.",Urban Population,0
487,China,156,CHN,CN,20674,Shuangyashan,Non-Capital,Urban agglomerations and capital cities,"Censuses of 1953, 1964, 1990, 2000 and 2010.",Urban Agglomeration,"For the 1990 census, the data reflect all residents of urban areas of the city. For the 2000 and 2010 censuses, the population of the city is composed of population in all city districts meeting the criteria such as contiguous built-up areas, being the location of the local government, being a Street or Having a Resident Committee.",Urban Population,0
488,China,156,CHN,CN,23729,Shuozhou,Non-Capital,Urban agglomerations and capital cities,"Censuses of 1990, 2000 and 2010; UN Estimate for 1950.",Urban Agglomeration,"For the 1990 census, the data reflect all residents of urban areas of the city. For the 2000 and 2010 censuses, the population of the city is composed of population in all city districts meeting the criteria such as contiguous built-up areas, being the location of the local government, being a Street or Having a Resident Committee.",Urban Population,0
489,China,156,CHN,CN,23730,Sihui,Non-Capital,Urban agglomerations and capital cities,"Censuses of 1990, 2000 and 2010; UN Estimate for 1950.",Urban Agglomeration,"For the 1990 census, the data reflect all residents of urban areas of the city. For the 2000 and 2010 censuses, the population of the city is composed of population in all city districts meeting the criteria such as contiguous built-up areas, being the location of the local government, being a Street or Having a Resident Committee.",Urban Population,0
490,China,156,CHN,CN,20675,Siping,Non-Capital,Urban agglomerations and capital cities,"Censuses of 1953, 1990, 2000 and 2010.",Urban Agglomeration,"For the 1990 census, the data reflect all residents of urban areas of the city. For the 2000 and 2010 censuses, the population of the city is composed of population in all city districts meeting the criteria such as contiguous built-up areas, being the location of the local government, being a Street or Having a Resident Committee.",Urban Population,0
491,China,156,CHN,CN,23823,Songyuan,Non-Capital,Urban agglomerations and capital cities,"Censuses of 1990, 2000 and 2010.",Urban Agglomeration,"For the 1990 census, the data reflect all residents of urban areas of the city. For the 2000 and 2010 censuses, the population of the city is composed of population in all city districts meeting the criteria such as contiguous built-up areas, being the location of the local government, being a Street or Having a Resident Committee.",Urban Population,0
492,China,156,CHN,CN,23822,Songzi,Non-Capital,Urban agglomerations and capital cities,"Censuses of 1990, 2000 and 2010.",Urban Agglomeration,"For the 1990 census, the data reflect all residents of urban areas of the city. For the 2000 and 2010 censuses, the population of the city is composed of population in all city districts meeting the criteria such as contiguous built-up areas, being the location of the local government, being a Street or Having a Resident Committee.",Urban Population,0
493,China,156,CHN,CN,23821,Suihua,Non-Capital,Urban agglomerations and capital cities,"Censuses of 1990, 2000 and 2010.",Urban Agglomeration,"For the 1990 census, the data reflect all residents of urban areas of the city. For the 2000 and 2010 censuses, the population of the city is composed of population in all city districts meeting the criteria such as contiguous built-up areas, being the location of the local government, being a Street or Having a Resident Committee.",Urban Population,0
494,China,156,CHN,CN,20676,"Suining, Sichuan",Non-Capital,Urban agglomerations and capital cities,"Censuses of 1990, 2000 and 2010; Register of 1985.",Urban Agglomeration,"For the 1990 census, the data reflect all residents of urban areas of the city. For the 2000 and 2010 censuses, the population of the city is composed of population in all city districts meeting the criteria such as contiguous built-up areas, being the location of the local government, being a Street or Having a Resident Committee.",Urban Population,0
495,China,156,CHN,CN,23820,Suizhou,Non-Capital,Urban agglomerations and capital cities,"Censuses of 1990, 2000 and 2010.",Urban Agglomeration,"For the 1990 census, the data reflect all residents of urban areas of the city. For the 2000 and 2010 censuses, the population of the city is composed of population in all city districts meeting the criteria such as contiguous built-up areas, being the location of the local government, being a Street or Having a Resident Committee.",Urban Population,0
496,China,156,CHN,CN,20677,Suqian,Non-Capital,Urban agglomerations and capital cities,"Censuses of 1990, 2000 and 2010.",Urban Agglomeration,"For the 1990 census, the data reflect all residents of urban areas of the city. For the 2000 and 2010 censuses, the population of the city is composed of population in all city districts meeting the criteria such as contiguous built-up areas, being the location of the local government, being a Street or Having a Resident Committee.",Urban Population,0
497,China,156,CHN,CN,20679,"Suzhou, Anhui",Non-Capital,Urban agglomerations and capital cities,"Censuses of 1982, 1990, 2000 and 2010.",Urban Agglomeration,"For the 1982 and 1990 censuses, the data reflect all residents of urban areas of the city. For the 2000 and 2010 censuses, the population of the city is composed of population in all city districts meeting the criteria such as contiguous built-up areas, being the location of the local government, being a Street or Having a Resident Committee.",Urban Population,0
498,China,156,CHN,CN,20678,"Suzhou, Jiangsu",Non-Capital,Urban agglomerations and capital cities,"Censuses of 1953, 1964, 1982, 1990, 2000 and 2010; Estimate for 2015; Register of 1970 and 1975.",Urban Agglomeration,"For the 1982 and 1990 censuses, the data reflect all residents of urban areas of the city. For the 2000 and 2010 censuses, the population of the city is composed of population in all city districts meeting the criteria such as contiguous built-up areas, being the location of the local government, being a Street or Having a Resident Committee.",Urban Population,0
499,China,156,CHN,CN,20681,"Taian, Shandong",Non-Capital,Urban agglomerations and capital cities,"Censuses of 1990, 2000 and 2010; Register of 1984.",Urban Agglomeration,"For the 1990 census, the data reflect all residents of urban areas of the city. For the 2000 and 2010 censuses, the population of the city is composed of population in all city districts meeting the criteria such as contiguous built-up areas, being the location of the local government, being a Street or Having a Resident Committee.",Urban Population,0
500,China,156,CHN,CN,23819,Taicang,Non-Capital,Urban agglomerations and capital cities,"Censuses of 1990, 2000 and 2010; Register of 1984.",Urban Agglomeration,"For the 1990 census, the data reflect all residents of urban areas of the city. For the 2000 and 2010 censuses, the population of the city is composed of population in all city districts meeting the criteria such as contiguous built-up areas, being the location of the local government, being a Street or Having a Resident Committee.",Urban Population,0
501,China,156,CHN,CN,23818,Taishan,Non-Capital,Urban agglomerations and capital cities,"Censuses of 1990, 2000 and 2010.",Urban Agglomeration,"For the 1990 census, the data reflect all residents of urban areas of the city. For the 2000 and 2010 censuses, the population of the city is composed of population in all city districts meeting the criteria such as contiguous built-up areas, being the location of the local government, being a Street or Having a Resident Committee.",Urban Population,0
502,China,156,CHN,CN,23817,Taixing,Non-Capital,Urban agglomerations and capital cities,"Censuses of 1990, 2000 and 2010; Register of 1984.",Urban Agglomeration,"For the 1990 census, the data reflect all residents of urban areas of the city. For the 2000 and 2010 censuses, the population of the city is composed of population in all city districts meeting the criteria such as contiguous built-up areas, being the location of the local government, being a Street or Having a Resident Committee.",Urban Population,0
503,China,156,CHN,CN,20685,"Taiyuan, Shanxi",Non-Capital,Urban agglomerations and capital cities,"Censuses of 1982, 1990, 2000 and 2010; Estimate for 1950.",Urban Agglomeration,"For the 1982 and 1990 censuses, the data reflect all residents of urban areas of the city. For the 2000 and 2010 censuses, the population of the city is composed of population in all city districts meeting the criteria such as contiguous built-up areas, being the location of the local government, being a Street or Having a Resident Committee.",Urban Population,0
504,China,156,CHN,CN,20686,"Taizhou, Jiangsu",Non-Capital,Urban agglomerations and capital cities,"Censuses of 1982, 1990, 2000 and 2010.",Urban Agglomeration,"For the 1982 and 1990 censuses, the data reflect all residents of urban areas of the city. For the 2000 and 2010 censuses, the population of the city is composed of population in all city districts meeting the criteria such as contiguous built-up areas, being the location of the local government, being a Street or Having a Resident Committee.",Urban Population,0
505,China,156,CHN,CN,23816,"Taizhou, Zhejiang",Non-Capital,Urban agglomerations and capital cities,"Censuses of 1990, 2000 and 2010; UN Estimate for 1953.",City Proper,"For the 1982 and 1990 censuses, the data reflect all residents of urban areas of the city. For the 2000 and 2010 censuses, the population of the city is composed of population in all city districts meeting the criteria such as contiguous built-up areas, being the location of the local government, being a Street or Having a Resident Committee.",Urban Population,0
506,China,156,CHN,CN,20687,"Tangshan, Hebei",Non-Capital,Urban agglomerations and capital cities,"Censuses of 1990, 2000 and 2010; Estimate for 1982; Register of 1956, 1965, 1970 and 1975; UN Estimate for 1976.",Urban Agglomeration,"For the 1982 and 1990 censuses, the data reflect all residents of urban areas of the city. For the 2000 and 2010 censuses, the population of the city is composed of population in all city districts meeting the criteria such as contiguous built-up areas, being the location of the local government, being a Street or Having a Resident Committee.",Urban Population,0
507,China,156,CHN,CN,23907,Tengzhou,Non-Capital,Urban agglomerations and capital cities,"Censuses of 1990, 2000 and 2010.",Urban Agglomeration,"For the 1990 census, the data reflect all residents of urban areas of the city. For the 2000 and 2010 censuses, the population of the city is composed of population in all city districts meeting the criteria such as contiguous built-up areas, being the location of the local government, being a Street or Having a Resident Committee.",Urban Population,0
508,China,156,CHN,CN,20689,Tianjin,Non-Capital,Urban agglomerations and capital cities,"Censuses of 1953, 1982, 1990, 2000 and 2010; Estimates for 1950, 2015 and 2016.",Urban Agglomeration,"For the 1982 and 1990 censuses, the data reflect all residents of urban areas of the city. For the 2000 and 2010 censuses, the population of the city is composed of population in all city districts meeting the criteria such as contiguous built-up areas, being the location of the local government, being a Street or Having a Resident Committee.",Urban Population,0
509,China,156,CHN,CN,20690,Tianmen,Non-Capital,Urban agglomerations and capital cities,"Censuses of 1990, 2000 and 2010.",Urban Agglomeration,"For the 1982 and 1990 censuses, the data reflect all residents of urban areas of the city. For the 2000 and 2010 censuses, the population of the city is composed of population in all city districts meeting the criteria such as contiguous built-up areas, being the location of the local government, being a Street or Having a Resident Committee.",Urban Population,0
510,China,156,CHN,CN,20691,Tianshui,Non-Capital,Urban agglomerations and capital cities,"Censuses of 1953, 1964, 1990, 2000 and 2010; Register of 1982.",Urban Agglomeration,"For the 1982 and 1990 censuses, the data reflect all residents of urban areas of the city. For the 2000 and 2010 censuses, the population of the city is composed of population in all city districts meeting the criteria such as contiguous built-up areas, being the location of the local government, being a Street or Having a Resident Committee.",Urban Population,0
511,China,156,CHN,CN,20694,Tieling,Non-Capital,Urban agglomerations and capital cities,"Censuses of 1990, 2000 and 2010.",City Proper,"For the 1982 and 1990 censuses, the data reflect all residents of urban areas of the city. For the 2000 and 2010 censuses, the population of the city is composed of population in all city districts meeting the criteria such as contiguous built-up areas, being the location of the local government, being a Street or Having a Resident Committee.",Urban Population,0
512,China,156,CHN,CN,23815,Tongcheng,Non-Capital,Urban agglomerations and capital cities,"Censuses of 1990, 2000 and 2010; UN Estimate for 1950.",Urban Agglomeration,"For the 1982 and 1990 censuses, the data reflect all residents of urban areas of the city. For the 2000 and 2010 censuses, the population of the city is composed of population in all city districts meeting the criteria such as contiguous built-up areas, being the location of the local government, being a Street or Having a Resident Committee.",Urban Population,0
513,China,156,CHN,CN,20695,Tongchuan,Non-Capital,Urban agglomerations and capital cities,"Censuses of 1990, 2000 and 2010; UN Estimate for 1980.",Urban Agglomeration,"For the 1982 and 1990 censuses, the data reflect all residents of urban areas of the city. For the 2000 and 2010 censuses, the population of the city is composed of population in all city districts meeting the criteria such as contiguous built-up areas, being the location of the local government, being a Street or Having a Resident Committee.",Urban Population,0
514,China,156,CHN,CN,20696,Tonghua,Non-Capital,Urban agglomerations and capital cities,"Censuses of 1990, 2000 and 2010.",Urban Agglomeration,"For the 1982 and 1990 censuses, the data reflect all residents of urban areas of the city. For the 2000 and 2010 censuses, the population of the city is composed of population in all city districts meeting the criteria such as contiguous built-up areas, being the location of the local government, being a Street or Having a Resident Committee.",Urban Population,0
515,China,156,CHN,CN,20698,Tongliao,Non-Capital,Urban agglomerations and capital cities,"Censuses of 1953, 1990, 2000 and 2010; Register of 1984.",Urban Agglomeration,"For the 1990 census, the data reflect all residents of urban areas of the city. For the 2000 and 2010 censuses, the population of the city is composed of population in all city districts meeting the criteria such as contiguous built-up areas, being the location of the local government, being a Street or Having a Resident Committee.",Urban Population,0
516,China,156,CHN,CN,20699,Tongling,Non-Capital,Urban agglomerations and capital cities,"Censuses of 1990, 2000 and 2010.",Urban Agglomeration,"For the 1990 census, the data reflect all residents of urban areas of the city. For the 2000 and 2010 censuses, the population of the city is composed of population in all city districts meeting the criteria such as contiguous built-up areas, being the location of the local government, being a Street or Having a Resident Committee.",Urban Population,0
517,China,156,CHN,CN,23814,Tongxiang,Non-Capital,Urban agglomerations and capital cities,Censuses of 1990 and 2000; Register of 1984; UN Estimate for 2010.,Urban Agglomeration,"For the 1990 census, the data reflect all residents of urban areas of the city. For the 2000 and 2010 censuses, the population of the city is composed of population in all city districts meeting the criteria such as contiguous built-up areas, being the location of the local government, being a Street or Having a Resident Committee.",Urban Population,0
518,China,156,CHN,CN,20704,Ürümqi (Wulumqi),Non-Capital,Urban agglomerations and capital cities,"Censuses of 1953, 1982, 1990, 2000 and 2010; Estimate for 1964.",Urban Agglomeration,"For the 1982 and 1990 censuses, the data reflect all residents of urban areas of the city. For the 2000 and 2010 censuses, the population of the city is composed of population in all city districts meeting the criteria such as contiguous built-up areas, being the location of the local government, being a Street or Having a Resident Committee.",Urban Population,0
519,China,156,CHN,CN,23813,Wafangdian ,Non-Capital,Urban agglomerations and capital cities,"Censuses of 1990, 2000 and 2010.",Urban Agglomeration,"For the 1990 census, the data reflect all residents of urban areas of the city. For the 2000 and 2010 censuses, the population of the city is composed of population in all city districts meeting the criteria such as contiguous built-up areas, being the location of the local government, being a Street or Having a Resident Committee.",Urban Population,0
520,China,156,CHN,CN,23927,Wanning,Non-Capital,Urban agglomerations and capital cities,"Censuses of 1990, 2000 and 2010; UN Estimate for 1950.",Urban Agglomeration,"For the 1990 census, the data reflect all residents of urban areas of the city. For the 2000 and 2010 censuses, the population of the city is composed of population in all city districts meeting the criteria such as contiguous built-up areas, being the location of the local government, being a Street or Having a Resident Committee.",Urban Population,0
521,China,156,CHN,CN,20706,Weifang,Non-Capital,Urban agglomerations and capital cities,"Censuses of 1953, 1964, 1982, 2000 and 2010.",Urban Agglomeration,"For the 1982 and 1990 censuses, the data reflect all residents of urban areas of the city. For the 2000 and 2010 censuses, the population of the city is composed of population in all city districts meeting the criteria such as contiguous built-up areas, being the location of the local government, being a Street or Having a Resident Committee.",Urban Population,0
522,China,156,CHN,CN,20707,Weihai,Non-Capital,Urban agglomerations and capital cities,"Censuses of 1953, 1990, 2000 and 2010.",Urban Agglomeration,"For the 1990 census, the data reflect all residents of urban areas of the city. For the 2000 and 2010 censuses, the population of the city is composed of population in all city districts meeting the criteria such as contiguous built-up areas, being the location of the local government, being a Street or Having a Resident Committee.",Urban Population,0
523,China,156,CHN,CN,23812,Weinan,Non-Capital,Urban agglomerations and capital cities,"Censuses of 1990, 2000 and 2010.",Urban Agglomeration,"For the 1990 census, the data reflect all residents of urban areas of the city. For the 2000 and 2010 censuses, the population of the city is composed of population in all city districts meeting the criteria such as contiguous built-up areas, being the location of the local government, being a Street or Having a Resident Committee.",Urban Population,0
524,China,156,CHN,CN,23811,Wenchang,Non-Capital,Urban agglomerations and capital cities,"Censuses of 1990, 2000 and 2010; UN Estimate for 1950.",Urban Agglomeration,"For the 1990 census, the data reflect all residents of urban areas of the city. For the 2000 and 2010 censuses, the population of the city is composed of population in all city districts meeting the criteria such as contiguous built-up areas, being the location of the local government, being a Street or Having a Resident Committee.",Urban Population,0
525,China,156,CHN,CN,23810,Wenling,Non-Capital,Urban agglomerations and capital cities,"Censuses of 1990, 2000 and 2010.",Urban Agglomeration,"For the 1990 census, the data reflect all residents of urban areas of the city. For the 2000 and 2010 censuses, the population of the city is composed of population in all city districts meeting the criteria such as contiguous built-up areas, being the location of the local government, being a Street or Having a Resident Committee.",Urban Population,0
526,China,156,CHN,CN,20710,Wenzhou,Non-Capital,Urban agglomerations and capital cities,"Censuses of 1953, 1964, 1982, 1990, 2000 and 2010; Register of 1950; UN Estimate for 2015.",Urban Agglomeration,"For the 1982 and 1990 censuses, the data reflect all residents of urban areas of the city. For the 2000 and 2010 censuses, the population of the city is composed of population in all city districts meeting the criteria such as contiguous built-up areas, being the location of the local government, being a Street or Having a Resident Committee.",Urban Population,0
527,China,156,CHN,CN,23807,Wuchuan ,Non-Capital,Urban agglomerations and capital cities,"Censuses of 1990, 2000 and 2010.",Urban Agglomeration,"For the 1990 census, the data reflect all residents of urban areas of the city. For the 2000 and 2010 censuses, the population of the city is composed of population in all city districts meeting the criteria such as contiguous built-up areas, being the location of the local government, being a Street or Having a Resident Committee.",Urban Population,0
528,China,156,CHN,CN,20711,Wuhai,Non-Capital,Urban agglomerations and capital cities,"Censuses of 1964, 1990, 2000 and 2010.",Urban Agglomeration,"For the 1990 census, the data reflect all residents of urban areas of the city. For the 2000 and 2010 censuses, the population of the city is composed of population in all city districts meeting the criteria such as contiguous built-up areas, being the location of the local government, being a Street or Having a Resident Committee.",Urban Population,0
529,China,156,CHN,CN,20712,Wuhan,Non-Capital,Urban agglomerations and capital cities,"Censuses of 1953, 1982, 1990, 2000 and 2010; Estimate for 1950.",Urban Agglomeration,"For the 1982 and 1990 censuses, the data reflect all residents of urban areas of the city. For the 2000 and 2010 censuses, the population of the city is composed of population in all city districts meeting the criteria such as contiguous built-up areas, being the location of the local government, being a Street or Having a Resident Committee.",Urban Population,0
530,China,156,CHN,CN,20713,"Wuhu, Anhui",Non-Capital,Urban agglomerations and capital cities,"Censuses of 1982, 1990, 2000 and 2010.",Urban Agglomeration,"For the 1982 and 1990 censuses, the data reflect all residents of urban areas of the city. For the 2000 and 2010 censuses, the population of the city is composed of population in all city districts meeting the criteria such as contiguous built-up areas, being the location of the local government, being a Street or Having a Resident Committee.",Urban Population,0
531,China,156,CHN,CN,20714,Wulanhaote,Non-Capital,Urban agglomerations and capital cities,"Censuses of 1953, 1990, 2000 and 2010.",Urban Agglomeration,"For the 1990 census, the data reflect all residents of urban areas of the city. For the 2000 and 2010 censuses, the population of the city is composed of population in all city districts meeting the criteria such as contiguous built-up areas, being the location of the local government, being a Street or Having a Resident Committee.",Urban Population,0
532,China,156,CHN,CN,23801,Wuwei,Non-Capital,Urban agglomerations and capital cities,"Censuses of 1990, 2000 and 2010.",Urban Agglomeration,"For the 1990 census, the data reflect all residents of urban areas of the city. For the 2000 and 2010 censuses, the population of the city is composed of population in all city districts meeting the criteria such as contiguous built-up areas, being the location of the local government, being a Street or Having a Resident Committee.",Urban Population,0
533,China,156,CHN,CN,20715,"Wuxi, Jiangsu",Non-Capital,Urban agglomerations and capital cities,"Censuses of 1982, 1990, 2000 and 2010; Estimate for 2016.",Urban Agglomeration,"For the 1982 and 1990 censuses, the data reflect all residents of urban areas of the city. For the 2000 and 2010 censuses, the population of the city is composed of population in all city districts meeting the criteria such as contiguous built-up areas, being the location of the local government, being a Street or Having a Resident Committee.",Urban Population,0
534,China,156,CHN,CN,20719,Wuzhou,Non-Capital,Urban agglomerations and capital cities,"Censuses of 1953, 1990, 2000 and 2010.",Urban Agglomeration,"For the 1982 and 1990 censuses, the data reflect all residents of urban areas of the city. For the 2000 and 2010 censuses, the population of the city is composed of population in all city districts meeting the criteria such as contiguous built-up areas, being the location of the local government, being a Street or Having a Resident Committee.",Urban Population,0
535,China,156,CHN,CN,20720,Xiamen,Non-Capital,Urban agglomerations and capital cities,"Censuses of 1953, 1964, 1982, 1990, 2000 and 2010; Estimates for 1975 and 2016.",Urban Agglomeration,"For the 1982 and 1990 censuses, the data reflect all residents of urban areas of the city. For the 2000 and 2010 censuses, the population of the city is composed of population in all city districts meeting the criteria such as contiguous built-up areas, being the location of the local government, being a Street or Having a Resident Committee.",Urban Population,0
536,China,156,CHN,CN,20721,"Xi'an, Shaanxi",Non-Capital,Urban agglomerations and capital cities,"Censuses of 1953, 1982, 1990, 2000 and 2010; Estimate for 1950.",Urban Agglomeration,"For the 1982 and 1990 censuses, the data reflect all residents of urban areas of the city. For the 2000 and 2010 censuses, the population of the city is composed of population in all city districts meeting the criteria such as contiguous built-up areas, being the location of the local government, being a Street or Having a Resident Committee.",Urban Population,0
537,China,156,CHN,CN,20723,"Xiangtan, Hunan",Non-Capital,Urban agglomerations and capital cities,"Censuses of 1953, 1990, 2000 and 2010.",Urban Agglomeration,"For the 1990 census, the data reflect all residents of urban areas of the city. For the 2000 and 2010 censuses, the population of the city is composed of population in all city districts meeting the criteria such as contiguous built-up areas, being the location of the local government, being a Street or Having a Resident Committee.",Urban Population,0
538,China,156,CHN,CN,205932,Xiangyang,Non-Capital,Urban agglomerations and capital cities,"Censuses of 1953, 1964, 1982, 1990, 2000 and 2010; Estimates for 1960 and 1962.",Urban Agglomeration,"For the 1982 and 1990 censuses, the data reflect all residents of urban areas of the city. For the 2000 and 2010 censuses, the population of the city is composed of population in all city districts meeting the criteria such as contiguous built-up areas, being the location of the local government, being a Street or Having a Resident Committee.",Urban Population,0
539,China,156,CHN,CN,20725,Xianning,Non-Capital,Urban agglomerations and capital cities,"Censuses of 1990, 2000 and 2010.",Urban Agglomeration,"For the 1990 census, the data reflect all residents of urban areas of the city. For the 2000 and 2010 censuses, the population of the city is composed of population in all city districts meeting the criteria such as contiguous built-up areas, being the location of the local government, being a Street or Having a Resident Committee.",Urban Population,0
540,China,156,CHN,CN,20726,Xiantao,Non-Capital,Urban agglomerations and capital cities,"Censuses of 1990, 2000 and 2010.",Urban Agglomeration,"For the 1990 census, the data reflect all residents of urban areas of the city. For the 2000 and 2010 censuses, the population of the city is composed of population in all city districts meeting the criteria such as contiguous built-up areas, being the location of the local government, being a Street or Having a Resident Committee.",Urban Population,0
541,China,156,CHN,CN,20727,"Xianyang, Shaanxi",Non-Capital,Urban agglomerations and capital cities,"Censuses of 1953, 1990, 2000 and 2010.",City Proper,"For the 1990 census, the data reflect all residents of urban areas of the city. For the 2000 and 2010 censuses, the population of the city is composed of population in all city districts meeting the criteria such as contiguous built-up areas, being the location of the local government, being a Street or Having a Resident Committee.",Urban Population,0
542,China,156,CHN,CN,20728,Xiaogan,Non-Capital,Urban agglomerations and capital cities,"Censuses of 1990, 2000 and 2010.",Urban Agglomeration,"For the 1990 census, the data reflect all residents of urban areas of the city. For the 2000 and 2010 censuses, the population of the city is composed of population in all city districts meeting the criteria such as contiguous built-up areas, being the location of the local government, being a Street or Having a Resident Committee.",Urban Population,0
543,China,156,CHN,CN,20733,Xinghua,Non-Capital,Urban agglomerations and capital cities,"Censuses of 1990, 2000 and 2010; Register of 1984; UN Estimate for 1950.",Urban Agglomeration,"For the 1990 census, the data reflect all residents of urban areas of the city. For the 2000 and 2010 censuses, the population of the city is composed of population in all city districts meeting the criteria such as contiguous built-up areas, being the location of the local government, being a Street or Having a Resident Committee.",Urban Population,0
544,China,156,CHN,CN,23797,Xingning,Non-Capital,Urban agglomerations and capital cities,"Censuses of 1990, 2000 and 2010; Register of 1984.",City Proper,"For the 1990 census, the data reflect all residents of urban areas of the city. For the 2000 and 2010 censuses, the population of the city is composed of population in all city districts meeting the criteria such as contiguous built-up areas, being the location of the local government, being a Street or Having a Resident Committee.",Urban Population,0
545,China,156,CHN,CN,23796,Xingping,Non-Capital,Urban agglomerations and capital cities,"Censuses of 1990, 2000 and 2010; Register of 1984.",City Proper,"For the 1990 census, the data reflect all residents of urban areas of the city. For the 2000 and 2010 censuses, the population of the city is composed of population in all city districts meeting the criteria such as contiguous built-up areas, being the location of the local government, being a Street or Having a Resident Committee.",Urban Population,0
546,China,156,CHN,CN,20734,Xingtai,Non-Capital,Urban agglomerations and capital cities,"Censuses of 1982, 1990, 2000 and 2010.",Urban Agglomeration,"For the 1982 and 1990 censuses, the data reflect all residents of urban areas of the city. For the 2000 and 2010 censuses, the population of the city is composed of population in all city districts meeting the criteria such as contiguous built-up areas, being the location of the local government, being a Street or Having a Resident Committee.",Urban Population,0
547,China,156,CHN,CN,23912,Xingyang,Non-Capital,Urban agglomerations and capital cities,"Censuses of 1990, 2000 and 2010; UN Estimate for 1950.",Urban Agglomeration,"For the 1990 census, the data reflect all residents of urban areas of the city. For the 2000 and 2010 censuses, the population of the city is composed of population in all city districts meeting the criteria such as contiguous built-up areas, being the location of the local government, being a Street or Having a Resident Committee.",Urban Population,0
548,China,156,CHN,CN,20735,"Xingyi, Guizhou",Non-Capital,Urban agglomerations and capital cities,"Censuses of 1990, 2000 and 2010.",Urban Agglomeration,"For the 1990 census, the data reflect all residents of urban areas of the city. For the 2000 and 2010 censuses, the population of the city is composed of population in all city districts meeting the criteria such as contiguous built-up areas, being the location of the local government, being a Street or Having a Resident Committee.",Urban Population,0
549,China,156,CHN,CN,20736,Xining,Non-Capital,Urban agglomerations and capital cities,"Censuses of 1953, 1964, 1990, 2000 and 2010; Register of 1982.",Urban Agglomeration,"For the 1982 and 1990 censuses, the data reflect all residents of urban areas of the city. For the 2000 and 2010 censuses, the population of the city is composed of population in all city districts meeting the criteria such as contiguous built-up areas, being the location of the local government, being a Street or Having a Resident Committee.",Urban Population,0
550,China,156,CHN,CN,23914,Xinmi,Non-Capital,Urban agglomerations and capital cities,"Censuses of 1990, 2000 and 2010; UN Estimate for 1950.",Urban Agglomeration,"For the 1982 and 1990 censuses, the data reflect all residents of urban areas of the city. For the 2000 and 2010 censuses, the population of the city is composed of population in all city districts meeting the criteria such as contiguous built-up areas, being the location of the local government, being a Street or Having a Resident Committee.",Urban Population,0
551,China,156,CHN,CN,20738,Xintai,Non-Capital,Urban agglomerations and capital cities,"Censuses of 1990, 2000 and 2010.",Urban Agglomeration,"For the 1990 census, the data reflect all residents of urban areas of the city. For the 2000 and 2010 censuses, the population of the city is composed of population in all city districts meeting the criteria such as contiguous built-up areas, being the location of the local government, being a Street or Having a Resident Committee.",Urban Population,0
552,China,156,CHN,CN,20739,Xinxiang,Non-Capital,Urban agglomerations and capital cities,"Censuses of 1953, 1982, 1990, 2000 and 2010.",Urban Agglomeration,"For the 1982 and 1990 censuses, the data reflect all residents of urban areas of the city. For the 2000 and 2010 censuses, the population of the city is composed of population in all city districts meeting the criteria such as contiguous built-up areas, being the location of the local government, being a Street or Having a Resident Committee.",Urban Population,0
553,China,156,CHN,CN,20740,Xinyang,Non-Capital,Urban agglomerations and capital cities,"Censuses of 1953, 1982, 1990, 2000 and 2010.",Urban Agglomeration,"For the 1982 and 1990 censuses, the data reflect all residents of urban areas of the city. For the 2000 and 2010 censuses, the population of the city is composed of population in all city districts meeting the criteria such as contiguous built-up areas, being the location of the local government, being a Street or Having a Resident Committee.",Urban Population,0
554,China,156,CHN,CN,20741,Xinyi,Non-Capital,Urban agglomerations and capital cities,"Censuses of 1990, 2000 and 2010; UN Estimate for 1950.",Urban Agglomeration,"For the 1990 census, the data reflect all residents of urban areas of the city. For the 2000 and 2010 censuses, the population of the city is composed of population in all city districts meeting the criteria such as contiguous built-up areas, being the location of the local government, being a Street or Having a Resident Committee.",Urban Population,0
555,China,156,CHN,CN,23793,Xinyi,Non-Capital,Urban agglomerations and capital cities,"Censuses of 1990, 2000 and 2010; UN Estimate for 1950.",Urban Agglomeration,"For the 1990 census, the data reflect all residents of urban areas of the city. For the 2000 and 2010 censuses, the population of the city is composed of population in all city districts meeting the criteria such as contiguous built-up areas, being the location of the local government, being a Street or Having a Resident Committee.",Urban Population,0
556,China,156,CHN,CN,20742,Xinyu,Non-Capital,Urban agglomerations and capital cities,Censuses of 2000 and 2010; Register of 1984.,Urban Agglomeration,"For the 1990 census, the data reflect all residents of urban areas of the city. For the 2000 and 2010 censuses, the population of the city is composed of population in all city districts meeting the criteria such as contiguous built-up areas, being the location of the local government, being a Street or Having a Resident Committee.",Urban Population,0
557,China,156,CHN,CN,23792,Xinzheng,Non-Capital,Urban agglomerations and capital cities,"Censuses of 1990, 2000 and 2010; UN Estimate for 1950.",Urban Agglomeration,"For the 1990 census, the data reflect all residents of urban areas of the city. For the 2000 and 2010 censuses, the population of the city is composed of population in all city districts meeting the criteria such as contiguous built-up areas, being the location of the local government, being a Street or Having a Resident Committee.",Urban Population,0
558,China,156,CHN,CN,20743,Xinzhou,Non-Capital,Urban agglomerations and capital cities,"Censuses of 1990, 2000 and 2010.",Urban Agglomeration,"For the 1990 census, the data reflect all residents of urban areas of the city. For the 2000 and 2010 censuses, the population of the city is composed of population in all city districts meeting the criteria such as contiguous built-up areas, being the location of the local government, being a Street or Having a Resident Committee.",Urban Population,0
559,China,156,CHN,CN,895000401,Xiongan,Non-Capital,Urban agglomerations and capital cities,Censuses of 2000 and 2010; Estimate for 1950; UN Estimate for 2015.,Urban Agglomeration,"For the 1990 census, the data reflect all residents of urban areas of the city. For the 2000 and 2010 censuses, the population of the city is composed of population in all city districts meeting the criteria such as contiguous built-up areas, being the location of the local government, being a Street or Having a Resident Committee.",Urban Population,2
560,China,156,CHN,CN,23916,Xuancheng,Non-Capital,Urban agglomerations and capital cities,"Censuses of 1990, 2000 and 2010.",Urban Agglomeration,"For the 1990 census, the data reflect all residents of urban areas of the city. For the 2000 and 2010 censuses, the population of the city is composed of population in all city districts meeting the criteria such as contiguous built-up areas, being the location of the local government, being a Street or Having a Resident Committee.",Urban Population,0
561,China,156,CHN,CN,23791,Xuanwei,Non-Capital,Urban agglomerations and capital cities,"Censuses of 1990, 2000 and 2010; UN Estimate for 1950.",City Proper,"For the 1990 census, the data reflect all residents of urban areas of the city. For the 2000 and 2010 censuses, the population of the city is composed of population in all city districts meeting the criteria such as contiguous built-up areas, being the location of the local government, being a Street or Having a Resident Committee.",Urban Population,0
562,China,156,CHN,CN,20745,Xuchang,Non-Capital,Urban agglomerations and capital cities,"Censuses of 1982, 1990, 2000 and 2010; Estimate for 2016.",Urban Agglomeration,"For the 1982 and 1990 censuses, the data reflect all residents of urban areas of the city. For the 2000 and 2010 censuses, the population of the city is composed of population in all city districts meeting the criteria such as contiguous built-up areas, being the location of the local government, being a Street or Having a Resident Committee.",Urban Population,0
563,China,156,CHN,CN,20746,Xuzhou,Non-Capital,Urban agglomerations and capital cities,"Censuses of 1953, 1964, 1982, 1990, 2000 and 2010.",Urban Agglomeration,"For the 1982 and 1990 censuses, the data reflect all residents of urban areas of the city. For the 2000 and 2010 censuses, the population of the city is composed of population in all city districts meeting the criteria such as contiguous built-up areas, being the location of the local government, being a Street or Having a Resident Committee.",Urban Population,0
564,China,156,CHN,CN,20747,Yaan,Non-Capital,Urban agglomerations and capital cities,"Censuses of 1990, 2000 and 2010.",Urban Agglomeration,"For the 1990 census, the data reflect all residents of urban areas of the city. For the 2000 and 2010 censuses, the population of the city is composed of population in all city districts meeting the criteria such as contiguous built-up areas, being the location of the local government, being a Street or Having a Resident Committee.",Urban Population,0
565,China,156,CHN,CN,20749,Yan'an,Non-Capital,Urban agglomerations and capital cities,"Censuses of 1990, 2000 and 2010.",Urban Agglomeration,"For the 1990 census, the data reflect all residents of urban areas of the city. For the 2000 and 2010 censuses, the population of the city is composed of population in all city districts meeting the criteria such as contiguous built-up areas, being the location of the local government, being a Street or Having a Resident Committee.",Urban Population,0
566,China,156,CHN,CN,20750,"Yancheng, Jiangsu",Non-Capital,Urban agglomerations and capital cities,"Censuses of 1982, 1990, 2000 and 2010; Estimate for 2016.",Urban Agglomeration,"For the 1982 and 1990 censuses, the data reflect all residents of urban areas of the city. For the 2000 and 2010 censuses, the population of the city is composed of population in all city districts meeting the criteria such as contiguous built-up areas, being the location of the local government, being a Street or Having a Resident Committee.",Urban Population,0
567,China,156,CHN,CN,23917,Yangchun,Non-Capital,Urban agglomerations and capital cities,"Censuses of 1990, 2000 and 2010; UN Estimate for 1950.",Urban Agglomeration,"For the 1990 census, the data reflect all residents of urban areas of the city. For the 2000 and 2010 censuses, the population of the city is composed of population in all city districts meeting the criteria such as contiguous built-up areas, being the location of the local government, being a Street or Having a Resident Committee.",Urban Population,0
568,China,156,CHN,CN,20751,Yangjiang,Non-Capital,Urban agglomerations and capital cities,"Censuses of 1990, 2000 and 2010.",Urban Agglomeration,"For the 1990 census, the data reflect all residents of urban areas of the city. For the 2000 and 2010 censuses, the population of the city is composed of population in all city districts meeting the criteria such as contiguous built-up areas, being the location of the local government, being a Street or Having a Resident Committee.",Urban Population,0
569,China,156,CHN,CN,20752,Yangquan,Non-Capital,Urban agglomerations and capital cities,"Censuses of 1964, 1990, 2000 and 2010.",Urban Agglomeration,"For the 1990 census, the data reflect all residents of urban areas of the city. For the 2000 and 2010 censuses, the population of the city is composed of population in all city districts meeting the criteria such as contiguous built-up areas, being the location of the local government, being a Street or Having a Resident Committee.",Urban Population,0
570,China,156,CHN,CN,20753,Yangzhou,Non-Capital,Urban agglomerations and capital cities,"Censuses of 1953, 1964, 1982, 1990, 2000 and 2010.",Urban Agglomeration,"For the 1982 and 1990 censuses, the data reflect all residents of urban areas of the city. For the 2000 and 2010 censuses, the population of the city is composed of population in all city districts meeting the criteria such as contiguous built-up areas, being the location of the local government, being a Street or Having a Resident Committee.",Urban Population,0
571,China,156,CHN,CN,20754,Yanji,Non-Capital,Urban agglomerations and capital cities,"Censuses of 1953, 1982, 1990, 2000 and 2010.",Urban Agglomeration,"For the 1982 and 1990 censuses, the data reflect all residents of urban areas of the city. For the 2000 and 2010 censuses, the population of the city is composed of population in all city districts meeting the criteria such as contiguous built-up areas, being the location of the local government, being a Street or Having a Resident Committee.",Urban Population,0
572,China,156,CHN,CN,23919,Yanshi,Non-Capital,Urban agglomerations and capital cities,"Censuses of 1990, 2000 and 2010; UN Estimate for 1950.",Urban Agglomeration,"For the 1990 census, the data reflect all residents of urban areas of the city. For the 2000 and 2010 censuses, the population of the city is composed of population in all city districts meeting the criteria such as contiguous built-up areas, being the location of the local government, being a Street or Having a Resident Committee.",Urban Population,0
573,China,156,CHN,CN,20755,Yantai,Non-Capital,Urban agglomerations and capital cities,"Censuses of 1953, 1964, 1982, 1990, 2000 and 2010; Register of 1970 and 1975.",Urban Agglomeration,"For the 1982 and 1990 censuses, the data reflect all residents of urban areas of the city. For the 2000 and 2010 censuses, the population of the city is composed of population in all city districts meeting the criteria such as contiguous built-up areas, being the location of the local government, being a Street or Having a Resident Committee.",Urban Population,0
574,China,156,CHN,CN,20756,Yibin,Non-Capital,Urban agglomerations and capital cities,"Censuses of 1990, 2000 and 2010.",Urban Agglomeration,"For the 1982 and 1990 censuses, the data reflect all residents of urban areas of the city. For the 2000 and 2010 censuses, the population of the city is composed of population in all city districts meeting the criteria such as contiguous built-up areas, being the location of the local government, being a Street or Having a Resident Committee.",Urban Population,0
575,China,156,CHN,CN,20757,Yichang,Non-Capital,Urban agglomerations and capital cities,"Censuses of 1964, 1982, 1990, 2000 and 2010.",Urban Agglomeration,"For the 1982 and 1990 censuses, the data reflect all residents of urban areas of the city. For the 2000 and 2010 censuses, the population of the city is composed of population in all city districts meeting the criteria such as contiguous built-up areas, being the location of the local government, being a Street or Having a Resident Committee.",Urban Population,0
576,China,156,CHN,CN,20758,"Yichun, Heilongjiang",Non-Capital,Urban agglomerations and capital cities,"Censuses of 1964, 1982, 1990, 2000 and 2010.",Urban Agglomeration,"For the 1982 and 1990 censuses, the data reflect all residents of urban areas of the city. For the 2000 and 2010 censuses, the population of the city is composed of population in all city districts meeting the criteria such as contiguous built-up areas, being the location of the local government, being a Street or Having a Resident Committee.",Urban Population,0
577,China,156,CHN,CN,20759,"Yichun, Jiangxi",Non-Capital,Urban agglomerations and capital cities,"Censuses of 1964, 1990, 2000 and 2010.",Urban Agglomeration,"For the 1982 and 1990 censuses, the data reflect all residents of urban areas of the city. For the 2000 and 2010 censuses, the population of the city is composed of population in all city districts meeting the criteria such as contiguous built-up areas, being the location of the local government, being a Street or Having a Resident Committee.",Urban Population,0
578,China,156,CHN,CN,20761,Yinchuan,Non-Capital,Urban agglomerations and capital cities,"Censuses of 1953, 1982, 1990, 2000, 2010 and 2016.",Urban Agglomeration,"For the 1982 and 1990 censuses, the data reflect all residents of urban areas of the city. For the 2000 and 2010 censuses, the population of the city is composed of population in all city districts meeting the criteria such as contiguous built-up areas, being the location of the local government, being a Street or Having a Resident Committee.",Urban Population,0
579,China,156,CHN,CN,23922,Yingde,Non-Capital,Urban agglomerations and capital cities,"Censuses of 1990, 2000 and 2010.",Urban Agglomeration,"For the 1982 and 1990 censuses, the data reflect all residents of urban areas of the city. For the 2000 and 2010 censuses, the population of the city is composed of population in all city districts meeting the criteria such as contiguous built-up areas, being the location of the local government, being a Street or Having a Resident Committee.",Urban Population,0
580,China,156,CHN,CN,20763,Yingkou,Non-Capital,Urban agglomerations and capital cities,"Censuses of 1953, 1982, 1990, 2000 and 2010.",Urban Agglomeration,"For the 1982 and 1990 censuses, the data reflect all residents of urban areas of the city. For the 2000 and 2010 censuses, the population of the city is composed of population in all city districts meeting the criteria such as contiguous built-up areas, being the location of the local government, being a Street or Having a Resident Committee.",Urban Population,0
581,China,156,CHN,CN,20765,Yining,Non-Capital,Urban agglomerations and capital cities,"Censuses of 1990, 2000 and 2010.",Urban Agglomeration,"For the 1990 census, the data reflect all residents of urban areas of the city. For the 2000 and 2010 censuses, the population of the city is composed of population in all city districts meeting the criteria such as contiguous built-up areas, being the location of the local government, being a Street or Having a Resident Committee.",Urban Population,0
582,China,156,CHN,CN,20766,Yiwu,Non-Capital,Urban agglomerations and capital cities,"Censuses of 1990, 2000 and 2010; UN Estimate for 1950.",Urban Agglomeration,"For the 1990 census, the data reflect all residents of urban areas of the city. For the 2000 and 2010 censuses, the population of the city is composed of population in all city districts meeting the criteria such as contiguous built-up areas, being the location of the local government, being a Street or Having a Resident Committee.",Urban Population,0
583,China,156,CHN,CN,20767,Yixing,Non-Capital,Urban agglomerations and capital cities,"Censuses of 1990, 2000 and 2010; Register of 1984.",City Proper,"For the 1990 census, the data reflect all residents of urban areas of the city. For the 2000 and 2010 censuses, the population of the city is composed of population in all city districts meeting the criteria such as contiguous built-up areas, being the location of the local government, being a Street or Having a Resident Committee.",Urban Population,0
584,China,156,CHN,CN,20768,"Yiyang, Hunan",Non-Capital,Urban agglomerations and capital cities,"Censuses of 1953, 1964, 1982, 1990, 2000 and 2010.",Urban Agglomeration,"For the 1982 and 1990 censuses, the data reflect all residents of urban areas of the city. For the 2000 and 2010 censuses, the population of the city is composed of population in all city districts meeting the criteria such as contiguous built-up areas, being the location of the local government, being a Street or Having a Resident Committee.",Urban Population,0
585,China,156,CHN,CN,23788,Yongcheng,Non-Capital,Urban agglomerations and capital cities,"Censuses of 1990, 2000 and 2010; UN Estimate for 1950.",Urban Agglomeration,"For the 1990 census, the data reflect all residents of urban areas of the city. For the 2000 and 2010 censuses, the population of the city is composed of population in all city districts meeting the criteria such as contiguous built-up areas, being the location of the local government, being a Street or Having a Resident Committee.",Urban Population,0
586,China,156,CHN,CN,23785,Yongkang,Non-Capital,Urban agglomerations and capital cities,"Censuses of 1990, 2000 and 2010; UN Estimate for 1950.",Urban Agglomeration,"For the 1990 census, the data reflect all residents of urban areas of the city. For the 2000 and 2010 censuses, the population of the city is composed of population in all city districts meeting the criteria such as contiguous built-up areas, being the location of the local government, being a Street or Having a Resident Committee.",Urban Population,0
587,China,156,CHN,CN,20771,Yongzhou,Non-Capital,Urban agglomerations and capital cities,"Censuses of 1982, 2000 and 2010.",Urban Agglomeration,"For the 1982 and 1990 censuses, the data reflect all residents of urban areas of the city. For the 2000 and 2010 censuses, the population of the city is composed of population in all city districts meeting the criteria such as contiguous built-up areas, being the location of the local government, being a Street or Having a Resident Committee.",Urban Population,0
588,China,156,CHN,CN,23784,Yuanjiang,Non-Capital,Urban agglomerations and capital cities,"Censuses of 1990, 2000 and 2010; UN Estimate for 1950.",Urban Agglomeration,"For the 1990 census, the data reflect all residents of urban areas of the city. For the 2000 and 2010 censuses, the population of the city is composed of population in all city districts meeting the criteria such as contiguous built-up areas, being the location of the local government, being a Street or Having a Resident Committee.",Urban Population,0
589,China,156,CHN,CN,23891,Yueqing,Non-Capital,Urban agglomerations and capital cities,"Censuses of 1990, 2000 and 2010.",Urban Agglomeration,"For the 1990 census, the data reflect all residents of urban areas of the city. For the 2000 and 2010 censuses, the population of the city is composed of population in all city districts meeting the criteria such as contiguous built-up areas, being the location of the local government, being a Street or Having a Resident Committee.",Urban Population,0
590,China,156,CHN,CN,20773,Yueyang,Non-Capital,Urban agglomerations and capital cities,"Censuses of 1982, 1990, 2000 and 2010.",Urban Agglomeration,"For the 1982 and 1990 censuses, the data reflect all residents of urban areas of the city. For the 2000 and 2010 censuses, the population of the city is composed of population in all city districts meeting the criteria such as contiguous built-up areas, being the location of the local government, being a Street or Having a Resident Committee.",Urban Population,0
591,China,156,CHN,CN,895000429,Yuhuan,Non-Capital,Urban agglomerations and capital cities,Censuses of 2000 and 2010; Estimate for 1950.,City Proper,"For the 2000 and 2010 censuses, the population of the city is composed of population in all city districts meeting the criteria such as contiguous built-up areas, being the location of the local government, being a Street or Having a Resident Committee.",Urban Population,2
592,China,156,CHN,CN,20774,"Yulin, Guangxi",Non-Capital,Urban agglomerations and capital cities,"Censuses of 1990, 2000 and 2010; Register of 1985.",Urban Agglomeration,"For the 1990 census, the data reflect all residents of urban areas of the city. For the 2000 and 2010 censuses, the population of the city is composed of population in all city districts meeting the criteria such as contiguous built-up areas, being the location of the local government, being a Street or Having a Resident Committee.",Urban Population,0
593,China,156,CHN,CN,20775,"Yulin, Shaanxi",Non-Capital,Urban agglomerations and capital cities,"Censuses of 1990, 2000 and 2010; Estimate for 2015; UN Estimate for 2017.",Urban Agglomeration,"For the 1990 census, the data reflect all residents of urban areas of the city. For the 2000 and 2010 censuses, the population of the city is composed of population in all city districts meeting the criteria such as contiguous built-up areas, being the location of the local government, being a Street or Having a Resident Committee.",Urban Population,0
594,China,156,CHN,CN,20777,Yuncheng,Non-Capital,Urban agglomerations and capital cities,"Censuses of 1990, 2000 and 2010.",Urban Agglomeration,"For the 1990 census, the data reflect all residents of urban areas of the city. For the 2000 and 2010 censuses, the population of the city is composed of population in all city districts meeting the criteria such as contiguous built-up areas, being the location of the local government, being a Street or Having a Resident Committee.",Urban Population,0
595,China,156,CHN,CN,23781,Yunfu,Non-Capital,Urban agglomerations and capital cities,"Censuses of 1990, 2000 and 2010; UN Estimate for 1950.",Urban Agglomeration,"For the 1990 census, the data reflect all residents of urban areas of the city. For the 2000 and 2010 censuses, the population of the city is composed of population in all city districts meeting the criteria such as contiguous built-up areas, being the location of the local government, being a Street or Having a Resident Committee.",Urban Population,0
596,China,156,CHN,CN,23780,Yushu,Non-Capital,Urban agglomerations and capital cities,"Censuses of 1990, 2000 and 2010.",Urban Agglomeration,"For the 1990 census, the data reflect all residents of urban areas of the city. For the 2000 and 2010 censuses, the population of the city is composed of population in all city districts meeting the criteria such as contiguous built-up areas, being the location of the local government, being a Street or Having a Resident Committee.",Urban Population,0
597,China,156,CHN,CN,20778,Yuxi,Non-Capital,Urban agglomerations and capital cities,"Censuses of 1990, 2000 and 2010.",Urban Agglomeration,"For the 1990 census, the data reflect all residents of urban areas of the city. For the 2000 and 2010 censuses, the population of the city is composed of population in all city districts meeting the criteria such as contiguous built-up areas, being the location of the local government, being a Street or Having a Resident Committee.",Urban Population,0
598,China,156,CHN,CN,20779,Yuyao,Non-Capital,Urban agglomerations and capital cities,"Censuses of 1990, 2000 and 2010.",Urban Agglomeration,"For the 1990 census, the data reflect all residents of urban areas of the city. For the 2000 and 2010 censuses, the population of the city is composed of population in all city districts meeting the criteria such as contiguous built-up areas, being the location of the local government, being a Street or Having a Resident Committee.",Urban Population,0
599,China,156,CHN,CN,20782,Zaoyang,Non-Capital,Urban agglomerations and capital cities,"Censuses of 1990, 2000 and 2010.",Urban Agglomeration,"For the 1990 census, the data reflect all residents of urban areas of the city. For the 2000 and 2010 censuses, the population of the city is composed of population in all city districts meeting the criteria such as contiguous built-up areas, being the location of the local government, being a Street or Having a Resident Committee.",Urban Population,0
600,China,156,CHN,CN,20783,Zaozhuang,Non-Capital,Urban agglomerations and capital cities,"Censuses of 1990, 2000 and 2010; Register of 1984.",Urban Agglomeration,"For the 1990 census, the data reflect all residents of urban areas of the city. For the 2000 and 2010 censuses, the population of the city is composed of population in all city districts meeting the criteria such as contiguous built-up areas, being the location of the local government, being a Street or Having a Resident Committee.",Urban Population,0
601,China,156,CHN,CN,20785,Zhangjiagang,Non-Capital,Urban agglomerations and capital cities,"Censuses of 1990, 2000 and 2010; UN Estimate for 1950.",City Proper,"For the 1990 census, the data reflect all residents of urban areas of the city. For the 2000 and 2010 censuses, the population of the city is composed of population in all city districts meeting the criteria such as contiguous built-up areas, being the location of the local government, being a Street or Having a Resident Committee.",Urban Population,0
602,China,156,CHN,CN,20784,Zhangjiakou,Non-Capital,Urban agglomerations and capital cities,"Censuses of 1953, 1990, 2000 and 2010; Register of 1984.",Urban Agglomeration,"For the 1990 census, the data reflect all residents of urban areas of the city. For the 2000 and 2010 censuses, the population of the city is composed of population in all city districts meeting the criteria such as contiguous built-up areas, being the location of the local government, being a Street or Having a Resident Committee.",Urban Population,0
603,China,156,CHN,CN,20786,Zhangshu,Non-Capital,Urban agglomerations and capital cities,"Censuses of 1990, 2000 and 2010.",Urban Agglomeration,"For the 1990 census, the data reflect all residents of urban areas of the city. For the 2000 and 2010 censuses, the population of the city is composed of population in all city districts meeting the criteria such as contiguous built-up areas, being the location of the local government, being a Street or Having a Resident Committee.",Urban Population,0
604,China,156,CHN,CN,20787,Zhangye,Non-Capital,Urban agglomerations and capital cities,"Censuses of 1990, 2000 and 2010; Register of 1984.",Urban Agglomeration,"For the 1990 census, the data reflect all residents of urban areas of the city. For the 2000 and 2010 censuses, the population of the city is composed of population in all city districts meeting the criteria such as contiguous built-up areas, being the location of the local government, being a Street or Having a Resident Committee.",Urban Population,0
605,China,156,CHN,CN,20788,Zhangzhou,Non-Capital,Urban agglomerations and capital cities,"Censuses of 1953, 1990, 2000 and 2010.",Urban Agglomeration,"For the 1990 census, the data reflect all residents of urban areas of the city. For the 2000 and 2010 censuses, the population of the city is composed of population in all city districts meeting the criteria such as contiguous built-up areas, being the location of the local government, being a Street or Having a Resident Committee.",Urban Population,0
606,China,156,CHN,CN,20789,Zhanjiang,Non-Capital,Urban agglomerations and capital cities,"Censuses of 1953, 1990, 2000 and 2010.",Urban Agglomeration,"For the 1990 census, the data reflect all residents of urban areas of the city. For the 2000 and 2010 censuses, the population of the city is composed of population in all city districts meeting the criteria such as contiguous built-up areas, being the location of the local government, being a Street or Having a Resident Committee.",Urban Population,0
607,China,156,CHN,CN,20790,Zhaodong,Non-Capital,Urban agglomerations and capital cities,"Censuses of 1990, 2000 and 2010.",Urban Agglomeration,"For the 1990 census, the data reflect all residents of urban areas of the city. For the 2000 and 2010 censuses, the population of the city is composed of population in all city districts meeting the criteria such as contiguous built-up areas, being the location of the local government, being a Street or Having a Resident Committee.",Urban Population,0
608,China,156,CHN,CN,20791,Zhaoqing,Non-Capital,Urban agglomerations and capital cities,"Censuses of 1990, 2000 and 2010.",Urban Agglomeration,"For the 1990 census, the data reflect all residents of urban areas of the city. For the 2000 and 2010 censuses, the population of the city is composed of population in all city districts meeting the criteria such as contiguous built-up areas, being the location of the local government, being a Street or Having a Resident Committee.",Urban Population,0
609,China,156,CHN,CN,20792,Zhaotong,Non-Capital,Urban agglomerations and capital cities,"Censuses of 1990, 2000 and 2010.",Urban Agglomeration,"For the 1990 census, the data reflect all residents of urban areas of the city. For the 2000 and 2010 censuses, the population of the city is composed of population in all city districts meeting the criteria such as contiguous built-up areas, being the location of the local government, being a Street or Having a Resident Committee.",Urban Population,0
610,China,156,CHN,CN,23925,Zhaoyuan,Non-Capital,Urban agglomerations and capital cities,"Censuses of 1990, 2000 and 2010.",Urban Agglomeration,"For the 1990 census, the data reflect all residents of urban areas of the city. For the 2000 and 2010 censuses, the population of the city is composed of population in all city districts meeting the criteria such as contiguous built-up areas, being the location of the local government, being a Street or Having a Resident Committee.",Urban Population,0
611,China,156,CHN,CN,20793,Zhengzhou,Non-Capital,Urban agglomerations and capital cities,"Censuses of 1982, 1990, 2000 and 2010; Estimate for 1950.",Urban Agglomeration,"For the 1982 and 1990 censuses, the data reflect all residents of urban areas of the city. For the 2000 and 2010 censuses, the population of the city is composed of population in all city districts meeting the criteria such as contiguous built-up areas, being the location of the local government, being a Street or Having a Resident Committee.",Urban Population,0
612,China,156,CHN,CN,20794,"Zhenjiang, Jiangsu",Non-Capital,Urban agglomerations and capital cities,"Censuses of 1953, 1964, 1982, 1990, 2000 and 2010.",Urban Agglomeration,"For the 1982 and 1990 censuses, the data reflect all residents of urban areas of the city. For the 2000 and 2010 censuses, the population of the city is composed of population in all city districts meeting the criteria such as contiguous built-up areas, being the location of the local government, being a Street or Having a Resident Committee.",Urban Population,0
613,China,156,CHN,CN,23773,Zhongshan,Non-Capital,Urban agglomerations and capital cities,"Censuses of 1990, 2000 and 2010; Estimate for 2015; UN Estimate for 1950.",Urban Agglomeration,"For the 1990 census, the data reflect all residents of urban areas of the city. For the 2000 and 2010 censuses, the population of the city is composed of population in all city districts meeting the criteria such as contiguous built-up areas, being the location of the local government, being a Street or Having a Resident Committee.",Urban Population,0
614,China,156,CHN,CN,23772,Zhongxiang,Non-Capital,Urban agglomerations and capital cities,"Censuses of 1990, 2000 and 2010; UN Estimate for 1950.",Urban Agglomeration,"For the 1990 census, the data reflect all residents of urban areas of the city. For the 2000 and 2010 censuses, the population of the city is composed of population in all city districts meeting the criteria such as contiguous built-up areas, being the location of the local government, being a Street or Having a Resident Committee.",Urban Population,0
615,China,156,CHN,CN,20796,Zhoukou,Non-Capital,Urban agglomerations and capital cities,"Censuses of 1953, 1990, 2000 and 2010.",Urban Agglomeration,"For the 1990 census, the data reflect all residents of urban areas of the city. For the 2000 and 2010 censuses, the population of the city is composed of population in all city districts meeting the criteria such as contiguous built-up areas, being the location of the local government, being a Street or Having a Resident Committee.",Urban Population,0
616,China,156,CHN,CN,23771,Zhoushan,Non-Capital,Urban agglomerations and capital cities,"Censuses of 1990, 2000 and 2010.",Urban Agglomeration,"For the 1990 census, the data reflect all residents of urban areas of the city. For the 2000 and 2010 censuses, the population of the city is composed of population in all city districts meeting the criteria such as contiguous built-up areas, being the location of the local government, being a Street or Having a Resident Committee.",Urban Population,0
617,China,156,CHN,CN,23770,Zhuanghe,Non-Capital,Urban agglomerations and capital cities,"Censuses of 1990, 2000 and 2010.",Urban Agglomeration,"For the 1990 census, the data reflect all residents of urban areas of the city. For the 2000 and 2010 censuses, the population of the city is composed of population in all city districts meeting the criteria such as contiguous built-up areas, being the location of the local government, being a Street or Having a Resident Committee.",Urban Population,0
618,China,156,CHN,CN,23769,Zhucheng,Non-Capital,Urban agglomerations and capital cities,"Censuses of 1990, 2000 and 2010; UN Estimate for 1950.",Urban Agglomeration,"For the 1990 census, the data reflect all residents of urban areas of the city. For the 2000 and 2010 censuses, the population of the city is composed of population in all city districts meeting the criteria such as contiguous built-up areas, being the location of the local government, being a Street or Having a Resident Committee.",Urban Population,0
619,China,156,CHN,CN,20797,Zhuhai,Non-Capital,Urban agglomerations and capital cities,"Censuses of 1990, 2000 and 2010; Register of 1979 and 1982; UN Estimate for 1950.",Urban Agglomeration,"For the 1982 and 1990 censuses, the data reflect all residents of urban areas of the city. For the 2000 and 2010 censuses, the population of the city is composed of population in all city districts meeting the criteria such as contiguous built-up areas, being the location of the local government, being a Street or Having a Resident Committee.",Urban Population,0
620,China,156,CHN,CN,23768,Zhuji,Non-Capital,Urban agglomerations and capital cities,"Censuses of 1990, 2000 and 2010; UN Estimate for 1950.",Urban Agglomeration,"For the 1990 census, the data reflect all residents of urban areas of the city. For the 2000 and 2010 censuses, the population of the city is composed of population in all city districts meeting the criteria such as contiguous built-up areas, being the location of the local government, being a Street or Having a Resident Committee.",Urban Population,0
621,China,156,CHN,CN,20798,Zhumadian,Non-Capital,Urban agglomerations and capital cities,"Censuses of 1953, 1990, 2000 and 2010.",Urban Agglomeration,"For the 1990 census, the data reflect all residents of urban areas of the city. For the 2000 and 2010 censuses, the population of the city is composed of population in all city districts meeting the criteria such as contiguous built-up areas, being the location of the local government, being a Street or Having a Resident Committee.",Urban Population,0
622,China,156,CHN,CN,20799,Zhuozhou,Non-Capital,Urban agglomerations and capital cities,"Censuses of 1990, 2000 and 2010.",Urban Agglomeration,"For the 1990 census, the data reflect all residents of urban areas of the city. For the 2000 and 2010 censuses, the population of the city is composed of population in all city districts meeting the criteria such as contiguous built-up areas, being the location of the local government, being a Street or Having a Resident Committee.",Urban Population,0
623,China,156,CHN,CN,20800,Zhuzhou,Non-Capital,Urban agglomerations and capital cities,"Censuses of 1953, 1982, 1990, 2000 and 2010.",Urban Agglomeration,"For the 1982 and 1990 censuses, the data reflect all residents of urban areas of the city. For the 2000 and 2010 censuses, the population of the city is composed of population in all city districts meeting the criteria such as contiguous built-up areas, being the location of the local government, being a Street or Having a Resident Committee.",Urban Population,0
624,China,156,CHN,CN,20801,Zibo,Non-Capital,Urban agglomerations and capital cities,"Censuses of 1953, 1990, 2000 and 2010.",Urban Agglomeration,"For the 1990 census, the data reflect all residents of urban areas of the city. For the 2000 and 2010 censuses, the population of the city is composed of population in all city districts meeting the criteria such as contiguous built-up areas, being the location of the local government, being a Street or Having a Resident Committee.",Urban Population,0
625,China,156,CHN,CN,20802,Zigong,Non-Capital,Urban agglomerations and capital cities,"Censuses of 1990, 2000 and 2010; UN Estimate for 1953.",Urban Agglomeration,"For the 1990 census, the data reflect all residents of urban areas of the city. For the 2000 and 2010 censuses, the population of the city is composed of population in all city districts meeting the criteria such as contiguous built-up areas, being the location of the local government, being a Street or Having a Resident Committee.",Urban Population,0
626,China,156,CHN,CN,20803,Zixing,Non-Capital,Urban agglomerations and capital cities,"Censuses of 1990, 2000 and 2010.",Urban Agglomeration,"For the 1990 census, the data reflect all residents of urban areas of the city. For the 2000 and 2010 censuses, the population of the city is composed of population in all city districts meeting the criteria such as contiguous built-up areas, being the location of the local government, being a Street or Having a Resident Committee.",Urban Population,0
627,China,156,CHN,CN,23767,Ziyang,Non-Capital,Urban agglomerations and capital cities,"Censuses of 1990, 2000 and 2010.",Urban Agglomeration,"For the 1990 census, the data reflect all residents of urban areas of the city. For the 2000 and 2010 censuses, the population of the city is composed of population in all city districts meeting the criteria such as contiguous built-up areas, being the location of the local government, being a Street or Having a Resident Committee.",Urban Population,0
628,China,156,CHN,CN,20804,Zunyi,Non-Capital,Urban agglomerations and capital cities,"Censuses of 1953, 1964, 1990, 2000 and 2010.",Urban Agglomeration,"For the 1990 census, the data reflect all residents of urban areas of the city. For the 2000 and 2010 censuses, the population of the city is composed of population in all city districts meeting the criteria such as contiguous built-up areas, being the location of the local government, being a Street or Having a Resident Committee.",Urban Population,0
629,"China, Hong Kong SAR",344,HKG,HK,21137,Hong Kong,Capital,Urban agglomerations and capital cities,"Censuses of 1961, 1971, 1981, 1986, 1991, 1996, 2001, 2006, 2011 and 2016; Estimate for 1950.",Urban Agglomeration,"Data for Hong Kong consist of the population of Hong Kong Island, New Kowloon the new towns in New Territories and the marine areas.",Urban Population,0
630,"China, Macao SAR",446,MAC,MO,21791,Macao,Capital,Urban agglomerations and capital cities,"Censuses of 1950, 1960, 1970, 1981, 1991, 2001, 2006, 2011 and 2016.",Urban Agglomeration,"Prior to 2001, the city of Macao comprised of the population of the country, except for the population of Coloane, Taipa, Co-Thai and the maritime population. After 2001, the entire population of Macao was considered to be urban.",Urban Population,0
641,Colombia,170,COL,CO,20837,Bogotá,Capital,Urban agglomerations and capital cities,"Censuses of 1951, 1964, 1973, 1985, 1993 and 2005.",Urban Agglomeration,"Data refer to the urban population of the Distrito Especial de Bogotá, and the capitals of the municipalities of Chia, Funza and Soacha (cabeceras municipales).",Urban Population,0
648,Colombia,170,COL,CO,20825,Manizales,Non-Capital,Urban agglomerations and capital cities,"Censuses of 1951, 1964, 1973, 1985, 1993 and 2005.",Urban Agglomeration,Refers to the nuclei Manizales and Villamaría (cabeceras municipales).,Urban Population,0
649,Colombia,170,COL,CO,20827,Medellín,Non-Capital,Urban agglomerations and capital cities,"Censuses of 1951, 1964, 1973, 1985, 1993 and 2005; Estimate for 2017.",Metropolitan area,"Refers to the nuclei of Medellín, Barbosa, Bello, Caldas, Copacabana, Envigado, Girardota, Itagui, La Estrella and Sabaneta (cabeceras municipales).",Urban Population,0
653,Colombia,170,COL,CO,20833,Pereira,Non-Capital,Urban agglomerations and capital cities,"Censuses of 1951, 1964, 1973, 1985, 1993 and 2005.",Urban Agglomeration,Refers to the nuclei of Pereira and Dos Quebradas (cabeceras municipales).,Urban Population,0
660,Cook Islands,184,COK,CK,20860,Rarotonga,Capital,Urban agglomerations and capital cities,"Censuses of 1956, 1966, 1971, 1981, 1986, 1991, 1996, 2001, 2006, 2011 and 2016.",Urban Agglomeration,Refers to the island of Rarotonga.,Urban Population,0
662,Costa Rica,188,CRI,CR,204068,Heredia,Non-Capital,Urban agglomerations and capital cities,"Censuses of 1950, 1963, 1973, 1984, 2000 and 2011; UN Estimate for 2017.",Urban Agglomeration,"Includes Santa Bárbara, Belén, Flores, and San Isidro,",Urban Population,0
663,Costa Rica,188,CRI,CR,20861,San José,Capital,Urban agglomerations and capital cities,"Censuses of 1950, 1963, 1973, 1984, 2000 and 2011.",Urban Agglomeration,Refers to the urban population of the cantons.,Urban Population,0
666,Croatia,191,HRV,HR,20865,Zagreb,Capital,Urban agglomerations and capital cities,"Censuses of 1953, 1961, 1971, 1981, 1991, 2001 and 2011.",City Proper,Refers to the settlement of Zagreb.,Urban Population,0
670,Curaçao,531,CUW,CW,21953,Willemstad,Capital,Urban agglomerations and capital cities,"Censuses of 1960, 1981, 1992, 2001 and 2011.",Metropolitan area,"Total population of Curaçao excluding the neighbourhoods of Westpunt, Lagun, Christoffel, Flip, Tera Pretu, Lelienberg, Soto, Pannekoek, Wacao, Barber, St. Willibrordus, Tera Cora, Grote Berg, Gatu, and Ser'i Kandela.",Urban Population,0
695,Denmark,208,DNK,DK,20894,København (Copenhagen),Capital,Urban agglomerations and capital cities,"Censuses of 1950, 1955, 1960, 1965 and 1970; Estimates for 1976, 1981, 1986, 1989, 1990, 1992, 1994, 1996, 1997 and 1998; Register of 2002, 2007, 2011, 2013 and 2017.",Metropolitan area,Refers to the Greater Copenhagen Region as defined from 1999 onward consisting of (parts of) 16 municipalities. The limits of the urban agglomeration have been modified between 1970 and 1976.,Urban Population,0
696,Djibouti,262,DJI,DJ,21005,Djibouti,Capital,Urban agglomerations and capital cities,"Censuses of 1960, 1983 and 2009; Estimates for 1957 and 1970; Sample Survey of 1991.",Urban Agglomeration,Data refer to the population of the “cercle”.,Urban Population,0
699,Dominican Republic,214,DOM,DO,20898,Santo Domingo,Capital,Urban agglomerations and capital cities,"Censuses of 1950, 1960, 1970, 1981, 1993, 2002 and 2010.",Urban Agglomeration,"Data for 2002 and 2010 refer to the urban population of the Municipalities of Santo Domingo de Guzmán, Santo Domingo Este, Santo Domingo Oeste, and Santo Domingo Norte, as of 2010.",Urban Population,0
705,Egypt,818,EGY,EG,22804,Al-Iskandariyah (Alexandria),Non-Capital,Urban agglomerations and capital cities,"Censuses of 1960, 1966, 1976, 1986, 1996 and 2006.",City Proper,"Data for 1996 refer to the districts of the Governorate of Al-Iskandariyah (Alexandria) except for the Districts of Burj al-'Arab (Borg El Arab) and Madinat Burj al-'Arab al-Jadidah (New Borg El Arab). Data for 2006 refer to the districts of the Governorate of Al-Iskandariyah (Alexandria) except for the Districts of As-Sahal ash-Shamali (North Coast), Burj al-'Arab (Borg El Arab) and Madinat Burj al-'Arab al-Jadidah (New Borg El Arab).",Urban Population,0
709,Egypt,818,EGY,EG,22812,Al-Qahirah (Cairo),Capital,Urban agglomerations and capital cities,"Censuses of 1960, 1966, 1976, 1986, 1996 and 2006.",Metropolitan area,Data from 1960 to 1986 refer to the Governorate of Al-Qahirah (Cairo) and the cities of Al-Jizah (Giza) and Shubra al-Khaymah (Shubra-El-Khema). Data for 1996 and 2006 refer to Greater Cairo as the sum of the Governorate of Al-Qahirah (Cairo) and the surrounding districts of the Governorates of Al-Jizah (Giza) and Al-Qalyübyah (Qalyubia).,Urban Population,0
717,El Salvador,222,SLV,SV,20917,San Salvador,Capital,Urban agglomerations and capital cities,"Censuses of 1950, 1961, 1971, 1992 and 2007.",Metropolitan area,"Refers to the urban population of the municipios of San Salvador, Mejicanos, Soyapango, Delgado, Ilopango, Cuscatancingo, Ayutuxtepeque, and San Marcos.",Urban Population,0
728,Falkland Islands (Malvinas),238,FLK,FK,20935,Stanley,Others,Urban agglomerations and capital cities,"Censuses of 1953, 1962, 1972, 1980, 1986, 1991, 1996, 2001, 2006 and 2012.",City Proper,A dispute exists between the Governments of Argentina and the United Kingdom of Great Britain and Northern Ireland concerning sovereignty over the Falkland Islands (Malvinas).,Urban Population,0
753,French Polynesia,258,PYF,PF,21004,Papeete,Capital,Urban agglomerations and capital cities,"Censuses of 1962, 1977, 1983, 1988, 1996, 2002, 2007, 2012 and 2017; UN Estimates for 1956 and 1971.",Urban Agglomeration,"Data refer to the total population in the communes of Arue, Faaa, Mahina, Papara, Papeete, Pirae and Punaauia.",Urban Population,0
755,Gambia,270,GMB,GM,21012,Banjul,Capital,Urban agglomerations and capital cities,"Censuses of 1951, 1963, 1973, 1983, 1993, 2003 and 2013; Estimate for 1967.",Urban Agglomeration,Refers to the local government areas of Banjul and Kanifing.,Urban Population,0
784,Greece,300,GRC,GR,21113,Athínai (Athens),Capital,Urban agglomerations and capital cities,"Censuses of 1951, 1961, 1971, 1981, 1991, 2001 and 2011.",Urban Agglomeration,"Data refer to the localities of Calithèa, Peristérion and Piraeus, among others.",Urban Population,0
787,Grenada,308,GRD,GD,21120,St.George's,Capital,Urban agglomerations and capital cities,"Censuses of 1960, 1970, 1981, 1991, 2001 and 2011.",Urban Agglomeration,Refers to St. George Parish.,Urban Population,0
794,Haiti,332,HTI,HT,21133,Port-au-Prince,Capital,Urban agglomerations and capital cities,"Censuses of 1950, 1971, 1982 and 2003; Estimates for 1992 and 1996; UN Estimates for 1999, 2010, 2010 and 2013.",Urban Agglomeration,"Data for 1971 and later refer to urban agglomeration. Data for 1950 refer to city proper. 1999 estimate refers to the urban agglomeration of Port-au-Prince, Delmas and Carrefour. As of 1 February 2010, the impact of the earthquake on 12 January 2010 is estimated with the data from the Government of Haiti and the United Nations Office for the Coordination of Humanitarian Affairs (OCHA).",Urban Population,0
846,India,356,IND,IN,21228,Delhi,Capital,Urban agglomerations and capital cities,"Censuses of 1951, 1961, 1971, 1981, 1991, 2001 and 2011.",Metropolitan area,"Data for 1991, 2001 and 2011 refer to the metropolitan area that is not restricted to state boundaries (National Capital Territory). Contiguous suburban cities and towns, such as Faridabad, Gurgaon, and Ghaziabad are included in Dehli. The capital is New Delhi. The official estimates for New Delhi and Delhi Urban Agglomeration were 257,803 and 16,349,831 in the year 2011, respectively. 
",Urban Population,0
874,India,356,IND,IN,21276,Ichalkaranji,Non-Capital,Urban agglomerations and capital cities,"Censuses of 1951, 1961, 1971, 1981, 1991, 2001 and 2011.",Urban Agglomeration,"Data for the 1981 census onwards refer to Urban Agglomeration, inlcuding the population of Kabnur.",Urban Population,0
910,India,356,IND,IN,21319,Ludhiana,Non-Capital,Urban agglomerations and capital cities,"Censuses of 1951, 1961, 1971, 1981, 1991, 2001 and 2011.",City Proper,Data from the 1981 census onwards refer to the Ludhiana Municipal Corporation.,Urban Population,1
993,Indonesia,360,IDN,ID,21454,Jakarta,Capital,Urban agglomerations and capital cities,"Censuses of 1961, 1971, 1980, 1990, 2000 and 2010; Estimate for 1950; Sample Survey of 2015.",Metropolitan area,"Data refer to the functional urban area, that is, contiguous areas which are consistently urban in character as indicated by levels of population density, economic functions and facilities. Jakarta covers five municipalities (kotamadya): Jakarta Selatan, Jakarta Timur, Jakarta Pusat, Jakarta Barat, and Jakarta Utara. Data for 1990 does not refer to the functional urban area. Appropriate estimates were derived by using the ratio of the population in the functional urban area to that of the population in the relevant municipalities as derived from the 1980 census.",Urban Population,1
1062,Israel,376,ISR,IL,21546,Hefa (Haifa),Non-Capital,Urban agglomerations and capital cities,"Censuses of 1961 and 1972; Estimates for 1955, 1995, 2002 and 2012; UN Estimate for 1983.",Metropolitan area,Data prior to 1995 refer to urban agglomeration.,Urban Population,1
1063,Israel,376,ISR,IL,21547,Jerusalem,Capital,Urban agglomerations and capital cities,"Censuses of 1961, 1972, 1983, 1995 and 2008; Estimates for 1950, 1955 and 2015.",City Proper,Designation and data provided by Israel. The position of the United Nations on the question of Jerusalem is contained in General Assembly resolution 181 (II) and subsequent resolutions of the General Assembly and the Security Council concerning this question. Including data for East Jerusalem.,Urban Population,1
1064,Israel,376,ISR,IL,21549,Tel Aviv-Yafo (Tel Aviv-Jaffa),Non-Capital,Urban agglomerations and capital cities,"Censuses of 1961 and 1972; Estimates for 1955, 1991, 1995, 2002, 2012 and 2016.",Metropolitan area,Data prior to 1995 refer to urban agglomeration.,Urban Population,1
1065,Italy,380,ITA,IT,21552,Bari,Non-Capital,Urban agglomerations and capital cities,"Censuses of 1951, 1961, 1971, 1981, 1991, 2001 and 2011.",Metropolitan area,Based on the local labour market system (Sistemi locali del lavoro).,Urban Population,1
1066,Italy,380,ITA,IT,205163,Barletta,Non-Capital,Urban agglomerations and capital cities,"Censuses of 1951, 1961, 1971, 1981, 1991, 2001 and 2011.",Metropolitan area,Based on the local labour market system (Sistemi locali del lavoro).,Urban Population,1
1067,Italy,380,ITA,IT,21553,Bergamo,Non-Capital,Urban agglomerations and capital cities,"Censuses of 1951, 1961, 1971, 1981, 1991, 2001 and 2011.",Metropolitan area,Based on the local labour market system (Sistemi locali del lavoro).,Urban Population,1
1068,Italy,380,ITA,IT,21554,Bologna,Non-Capital,Urban agglomerations and capital cities,"Censuses of 1951, 1961, 1971, 1981, 1991, 2001 and 2011.",Metropolitan area,Based on the local labour market system (Sistemi locali del lavoro).,Urban Population,1
1069,Italy,380,ITA,IT,21556,Brescia,Non-Capital,Urban agglomerations and capital cities,"Censuses of 1951, 1961, 1971, 1981, 1991, 2001 and 2011.",Metropolitan area,Based on the local labour market system (Sistemi locali del lavoro).,Urban Population,1
1070,Italy,380,ITA,IT,205160,Busto Arsizio,Non-Capital,Urban agglomerations and capital cities,"Censuses of 1951, 1961, 1971, 1981, 1991, 2001 and 2011.",Metropolitan area,Based on the local labour market system (Sistemi locali del lavoro).,Urban Population,1
1071,Italy,380,ITA,IT,21557,Cagliari,Non-Capital,Urban agglomerations and capital cities,"Censuses of 1951, 1961, 1971, 1981, 1991, 2001 and 2011.",Metropolitan area,Based on the local labour market system (Sistemi locali del lavoro).,Urban Population,1
1072,Italy,380,ITA,IT,205162,Caserta,Non-Capital,Urban agglomerations and capital cities,"Censuses of 1951, 1961, 1971, 1981, 1991, 2001 and 2011.",Metropolitan area,Based on the local labour market system (Sistemi locali del lavoro).,Urban Population,1
1073,Italy,380,ITA,IT,21558,Catania,Non-Capital,Urban agglomerations and capital cities,"Censuses of 1951, 1961, 1971, 1981, 1991, 2001 and 2011.",Metropolitan area,Based on the local labour market system (Sistemi locali del lavoro).,Urban Population,1
1074,Italy,380,ITA,IT,205161,Como,Non-Capital,Urban agglomerations and capital cities,"Censuses of 1951, 1961, 1971, 1981, 1991, 2001 and 2011.",Metropolitan area,Based on the local labour market system (Sistemi locali del lavoro).,Urban Population,1
1075,Italy,380,ITA,IT,21562,Firenze (Florence),Non-Capital,Urban agglomerations and capital cities,"Censuses of 1951, 1961, 1971, 1981, 1991, 2001 and 2011.",Metropolitan area,Based on the local labour market system (Sistemi locali del lavoro).,Urban Population,1
1076,Italy,380,ITA,IT,21565,Genova (Genoa),Non-Capital,Urban agglomerations and capital cities,"Censuses of 1951, 1961, 1971, 1981, 1991, 2001 and 2011.",Metropolitan area,Based on the local labour market system (Sistemi locali del lavoro).,Urban Population,1
1077,Italy,380,ITA,IT,21567,Latina,Non-Capital,Urban agglomerations and capital cities,"Censuses of 1951, 1961, 1971, 1981, 1991, 2001 and 2011.",Metropolitan area,Based on the local labour market system (Sistemi locali del lavoro).,Urban Population,1
1078,Italy,380,ITA,IT,205166,Lecco,Non-Capital,Urban agglomerations and capital cities,"Censuses of 1951, 1961, 1971, 1981, 1991, 2001 and 2011.",Metropolitan area,Based on the local labour market system (Sistemi locali del lavoro).,Urban Population,1
1079,Italy,380,ITA,IT,21571,Milano (Milan),Non-Capital,Urban agglomerations and capital cities,"Censuses of 1951, 1961, 1971, 1981, 1991, 2001 and 2011.",Metropolitan area,Based on the local labour market system (Sistemi locali del lavoro).,Urban Population,1
1080,Italy,380,ITA,IT,21572,Modena,Non-Capital,Urban agglomerations and capital cities,"Censuses of 1951, 1961, 1971, 1981, 1991, 2001 and 2011.",Metropolitan area,Based on the local labour market system (Sistemi locali del lavoro).,Urban Population,1
1081,Italy,380,ITA,IT,21574,Napoli (Naples),Non-Capital,Urban agglomerations and capital cities,"Censuses of 1951, 1961, 1971, 1981, 1991, 2001 and 2011.",Metropolitan area,Based on the local labour market system (Sistemi locali del lavoro).,Urban Population,1
1082,Italy,380,ITA,IT,205165,Nola,Non-Capital,Urban agglomerations and capital cities,"Censuses of 1951, 1961, 1971, 1981, 1991, 2001 and 2011.",Metropolitan area,Based on the local labour market system (Sistemi locali del lavoro).,Urban Population,1
1083,Italy,380,ITA,IT,21576,Padova,Non-Capital,Urban agglomerations and capital cities,"Censuses of 1951, 1961, 1971, 1981, 1991, 2001 and 2011.",Metropolitan area,Based on the local labour market system (Sistemi locali del lavoro).,Urban Population,1
1084,Italy,380,ITA,IT,21577,Palermo,Non-Capital,Urban agglomerations and capital cities,"Censuses of 1951, 1961, 1971, 1981, 1991, 2001 and 2011.",Metropolitan area,Based on the local labour market system (Sistemi locali del lavoro).,Urban Population,1
1085,Italy,380,ITA,IT,21578,Parma,Non-Capital,Urban agglomerations and capital cities,"Censuses of 1951, 1961, 1971, 1981, 1991, 2001 and 2011.",Metropolitan area,Based on the local labour market system (Sistemi locali del lavoro).,Urban Population,1
1086,Italy,380,ITA,IT,21580,Pescara,Non-Capital,Urban agglomerations and capital cities,"Censuses of 1951, 1961, 1971, 1981, 1991, 2001 and 2011.",Metropolitan area,Based on the local labour market system (Sistemi locali del lavoro).,Urban Population,1
1087,Italy,380,ITA,IT,21586,Reggio Emilia,Non-Capital,Urban agglomerations and capital cities,"Censuses of 1951, 1961, 1971, 1981, 1991, 2001 and 2011.",Metropolitan area,"Based on the local labour market system (Sistemi locali del lavoro).
",Urban Population,1
1088,Italy,380,ITA,IT,21588,Roma (Rome),Capital,Urban agglomerations and capital cities,"Censuses of 1951, 1961, 1971, 1981, 1991, 2001 and 2011.",Metropolitan area,"Since 1991, the official Metropolitan City.",Urban Population,1
1089,Italy,380,ITA,IT,21589,Salerno,Non-Capital,Urban agglomerations and capital cities,"Censuses of 1951, 1961, 1971, 1981, 1991, 2001 and 2011.",Metropolitan area,Based on the local labour market system (Sistemi locali del lavoro).,Urban Population,1
1090,Italy,380,ITA,IT,205188,Seregno,Non-Capital,Urban agglomerations and capital cities,"Censuses of 1951, 1961, 1971, 1981, 1991, 2001 and 2011.",Metropolitan area,Based on the local labour market system (Sistemi locali del lavoro).,Urban Population,1
1091,Italy,380,ITA,IT,21592,Taranto,Non-Capital,Urban agglomerations and capital cities,"Censuses of 1951, 1961, 1971, 1981, 1991, 2001 and 2011.",Metropolitan area,Based on the local labour market system (Sistemi locali del lavoro).,Urban Population,1
1092,Italy,380,ITA,IT,21597,Torino (Turin),Non-Capital,Urban agglomerations and capital cities,"Censuses of 1951, 1961, 1971, 1981, 1991, 2001 and 2011.",Metropolitan area,Based on the local labour market system (Sistemi locali del lavoro).,Urban Population,1
1093,Italy,380,ITA,IT,205164,Treviso,Non-Capital,Urban agglomerations and capital cities,"Censuses of 1951, 1961, 1971, 1981, 1991, 2001 and 2011.",Metropolitan area,Based on the local labour market system (Sistemi locali del lavoro).,Urban Population,1
1094,Italy,380,ITA,IT,21599,Venezia,Non-Capital,Urban agglomerations and capital cities,"Censuses of 1951, 1961, 1971, 1981, 1991, 2001 and 2011.",Metropolitan area,Based on the local labour market system (Sistemi locali del lavoro).,Urban Population,1
1095,Italy,380,ITA,IT,21600,Verona,Non-Capital,Urban agglomerations and capital cities,"Censuses of 1951, 1961, 1971, 1981, 1991, 2001 and 2011.",Metropolitan area,Based on the local labour market system (Sistemi locali del lavoro).,Urban Population,1
1096,Italy,380,ITA,IT,21601,Vicenza,Non-Capital,Urban agglomerations and capital cities,"Censuses of 1951, 1961, 1971, 1981, 1991, 2001 and 2011.",Metropolitan area,Based on the local labour market system (Sistemi locali del lavoro).,Urban Population,1
1098,Japan,392,JPN,JP,21609,Akita,Non-Capital,Urban agglomerations and capital cities,"Censuses of 1970, 1975, 1980, 1985, 1995, 2000, 2005, 2010 and 2015; Estimates for 1955 and 1960.",Urban Agglomeration,"Refers to the population of the ""SHI"" as of 1995.",Urban Population,1
1099,Japan,392,JPN,JP,21611,Asahikawa,Non-Capital,Urban agglomerations and capital cities,"Censuses of 1970, 1975, 1980, 1985, 1995, 2000, 2005, 2010 and 2015; Estimates for 1955 and 1960.",Urban Agglomeration,"Refers to the population of the ""SHI"" as of 1995.",Urban Population,1
1101,Japan,392,JPN,JP,21615,Fukuyama,Non-Capital,Urban agglomerations and capital cities,"Censuses of 1960, 1965, 1970, 1975, 1980, 1985, 1995, 2000, 2005, 2010 and 2015; Estimate for 1950.",Urban Agglomeration,"Refers to the population of the ""SHI"" as of 1995.",Urban Population,1
1103,Japan,392,JPN,JP,21625,Iwaki,Non-Capital,Urban agglomerations and capital cities,"Censuses of 1970, 1975, 1980, 1985, 1995, 2000, 2005, 2010 and 2015.",City Proper,"Refers to the population of the ""SHI"" as of 1995.",Urban Population,1
1104,Japan,392,JPN,JP,21626,Kagoshima,Non-Capital,Urban agglomerations and capital cities,"Censuses of 1970, 1975, 1980, 1985, 1995, 2000, 2005, 2010 and 2015; Estimates for 1950, 1955 and 1960.",Urban Agglomeration,"Refers to the population of the ""SHI"" as of 1995.",Urban Population,1
1105,Japan,392,JPN,JP,21627,Kanazawa,Non-Capital,Urban agglomerations and capital cities,"Censuses of 1970, 1975, 1980, 1985, 1995, 2000, 2005, 2010 and 2015; Estimates for 1950, 1955 and 1960.",City Proper,"Refers to the population of the ""SHI"" as of 1995.",Urban Population,1
1106,Japan,392,JPN,JP,206459,Kinki M.M.A. (Osaka),Non-Capital,Urban agglomerations and capital cities,"Censuses of 1960, 1965, 1970, 1975, 1980, 1985, 1990, 1995, 2000, 2005, 2010 and 2015.",Metropolitan area,"Major Metropolitan areas (M.M.A.) are defined by the Statistics Bureau of Japan. Census figures for 2005, 2010 and 2015 refer to the Kinko M.M.A.; figures from 1960 to 2000 are based on the Keihanshin M.M.A. These areas include Osaka, Kobe, Kyoto and Nara, among other cities.",Urban Population,1
1108,Japan,392,JPN,JP,21630,Kochi,Non-Capital,Urban agglomerations and capital cities,"Censuses of 1970, 1975, 1980, 1985, 1995, 2000, 2005, 2010 and 2015; Estimates for 1950, 1955 and 1960.",City Proper,"Refers to the population of the ""SHI"" as of 1995.",Urban Population,1
1109,Japan,392,JPN,JP,21632,Koriyama,Non-Capital,Urban agglomerations and capital cities,"Censuses of 1970, 1975, 1980, 1985, 1995, 2000, 2005, 2010 and 2015; Estimate for 1950.",City Proper,"Refers to the population of the ""SHI"" as of 1995.",Urban Population,1
1110,Japan,392,JPN,JP,21633,Kumamoto,Non-Capital,Urban agglomerations and capital cities,"Censuses of 1970, 1975, 1980, 1985, 1995, 2000, 2005, 2010 and 2015; Estimates for 1950, 1955 and 1960.",Urban Agglomeration,"Refers to the population of the ""SHI"" as of 1995.",Urban Population,1
1111,Japan,392,JPN,JP,21634,Kurashiki,Non-Capital,Urban agglomerations and capital cities,"Censuses of 1970, 1975, 1980, 1985, 1995, 2000, 2005, 2010 and 2015.",Urban Agglomeration,"Refers to the population of the ""SHI"" as of 1995.",Urban Population,1
1112,Japan,392,JPN,JP,21636,Kurume,Non-Capital,Urban agglomerations and capital cities,"Censuses of 1970, 1975, 1980, 1985, 1995, 2000, 2005, 2010 and 2015; Estimates for 1955 and 1960.",Urban Agglomeration,"Refers to the population of the ""SHI"" as of 1995.",Urban Population,1
1113,Japan,392,JPN,JP,21639,Maebashi,Non-Capital,Urban agglomerations and capital cities,"Censuses of 1970, 1975, 1980, 1985, 1995, 2000, 2005, 2010 and 2015; Estimate for 1960.",Urban Agglomeration,"Refers to the population of the ""SHI"" as of 1995.",Urban Population,1
1114,Japan,392,JPN,JP,21640,Matsuyama,Non-Capital,Urban agglomerations and capital cities,"Censuses of 1960, 1965, 1970, 1980, 1985, 1995, 2000, 2005, 2010 and 2015.",Urban Agglomeration,"Refers to the population of the ""SHI"" as of 1995.",Urban Population,1
1115,Japan,392,JPN,JP,21642,Miyazaki,Non-Capital,Urban agglomerations and capital cities,"Censuses of 1960, 1965, 1970, 1975, 1980, 1985, 1995, 2000, 2005, 2010 and 2015.",Urban Agglomeration,"Refers to the population of the ""SHI"" as of 1995.",Urban Population,1
1116,Japan,392,JPN,JP,21645,Nagano,Non-Capital,Urban agglomerations and capital cities,"Censuses of 1970, 1975, 1980, 1985, 1995, 2000, 2005, 2010 and 2015.",Urban Agglomeration,"Refers to the population of the ""SHI"" as of 1995.",Urban Population,1
1117,Japan,392,JPN,JP,21647,Nagasaki,Non-Capital,Urban agglomerations and capital cities,"Censuses of 1970, 1975, 1980, 1985, 1995, 2000, 2005, 2010 and 2015; Estimates for 1950, 1955 and 1960.",Urban Agglomeration,"Refers to the population of the ""SHI"" as of 1995.",Urban Population,1
1118,Japan,392,JPN,JP,21649,Naha,Non-Capital,Urban agglomerations and capital cities,"Censuses of 1970, 1975, 1980, 1985, 1995, 2000, 2005, 2010 and 2015; Estimates for 1950, 1955 and 1960.",City Proper,"Refers to the population of the ""SHI"" as of 1995.",Urban Population,1
1119,Japan,392,JPN,JP,21651,Niigata,Non-Capital,Urban agglomerations and capital cities,"Censuses of 1960, 1965, 1970, 1980, 1985, 1995, 2000, 2005, 2010 and 2015; Estimates for 1950 and 1955.",Urban Agglomeration,"Refers to the population of the ""SHI"" as of 1995.",Urban Population,1
1120,Japan,392,JPN,JP,21655,Oita,Non-Capital,Urban agglomerations and capital cities,"Censuses of 1970, 1975, 1980, 1985, 1995, 2000, 2005, 2010 and 2015.",Urban Agglomeration,"Refers to the population of the ""SHI"" as of 1995.",Urban Population,1
1121,Japan,392,JPN,JP,21656,Okayama,Non-Capital,Urban agglomerations and capital cities,"Censuses of 1970, 1975, 1980, 1985, 1995, 2000, 2005, 2010 and 2015; Estimates for 1955 and 1960.",Urban Agglomeration,"Refers to the population of the ""SHI"" as of 1995.",Urban Population,1
1125,Japan,392,JPN,JP,21668,Takamatsu,Non-Capital,Urban agglomerations and capital cities,"Censuses of 1970, 1975, 1980, 1985, 1995, 2000, 2005, 2010 and 2015; Estimate for 1960.",Urban Agglomeration,"Refers to the population of the ""SHI"" as of 1995.",Urban Population,1
1126,Japan,392,JPN,JP,21669,Takasaki,Non-Capital,Urban agglomerations and capital cities,"Censuses of 1970, 1975, 1980, 1985, 1995, 2000, 2005, 2010 and 2015.",Urban Agglomeration,"Refers to the population of the ""SHI"" as of 1995.",Urban Population,1
1127,Japan,392,JPN,JP,21671,Tokyo,Capital,Urban agglomerations and capital cities,"Censuses of 1960, 1965, 1970, 1975, 1980, 1985, 1990, 1995, 2000, 2005, 2010 and 2015.",Metropolitan area,"Major Metropolitan areas (M.M.A.) are defined by the Statistics Bureau of Japan. Census figures for 2005, 2010 and 2015 refer to the Kanto M.M.A.; figures from 1990 to 2000 are based on the Keihinyo M.M.A., and figures from 1960 to 1985 are based on the Keihin M.M.A. As a reference, the population of Tokyo-to was estimated at 12.1 million persons and of the Tokyo Ku-area at 8.1 million in 2000.",Urban Population,1
1128,Japan,392,JPN,JP,21673,Toyama,Non-Capital,Urban agglomerations and capital cities,"Censuses of 1970, 1975, 1980, 1985, 1995, 2000, 2005, 2010 and 2015; Estimate for 1960.",Urban Agglomeration,"Refers to the population of the ""SHI"" as of 1995.",Urban Population,1
1129,Japan,392,JPN,JP,21674,Toyohashi,Non-Capital,Urban agglomerations and capital cities,"Censuses of 1970, 1975, 1980, 1985, 1995, 2000, 2005, 2010 and 2015; Estimates for 1955 and 1960.",Urban Agglomeration,"Refers to the population of the ""SHI"" as of 1995.",Urban Population,1
1130,Japan,392,JPN,JP,21675,Utsunomiya,Non-Capital,Urban agglomerations and capital cities,"Censuses of 1970, 1975, 1980, 1985, 1995, 2000, 2005, 2010 and 2015; Estimates for 1955 and 1960.",Urban Agglomeration,"Refers to the population of the ""SHI"" as of 1995.",Urban Population,1
1152,Kiribati,296,KIR,KI,21112,Tarawa,Capital,Urban agglomerations and capital cities,"Censuses of 1968, 1973, 1978, 1985, 1990, 1995, 2000, 2005, 2010 and 2015.",Urban Agglomeration,"Refers to the island of Tarawa. The capital is Bairiki, located on that island. The population of Bairiki was estimated at 3,218 in the year 2015.",Urban Population,1
1153,Kuwait,414,KWT,KW,21769,Al Kuwayt (Kuwait City),Capital,Urban agglomerations and capital cities,"Censuses of 1957, 1965, 1970, 1975, 1980, 1985, 1995, 2005 and 2011; Estimates for 2015 and 2017; UN Estimate for 1991.",Urban Agglomeration,"Data for 2005 and 2011 refer to the Governorates of Capital, Hawalli, Al-Farwaniya and Mubarak Al-Kabeer. Data for 1985 and 1995 refer to the Governorates of Capital, Hawalli and Al-Farwaniya. The number and names of governorates have changed over time as well as the limits of the urban agglomeration.",Urban Population,1
1157,Lebanon,422,LBN,LB,21773,Bayrut (Beirut),Capital,Urban agglomerations and capital cities,"Estimates for 1958, 1964, 1975, 1982, 1988, 1997, 1998, 2001, 2002, 2005 and 2007; Sample Survey of 1970; UN Estimate for 1991.",Urban Agglomeration,There is some level of uncertainty with respect to the estimates for Bayrut. Excluding Syrian Refugees.,Urban Population,1
1176,Malaysia,458,MYS,MY,206411,Kuala Lumpur,Capital,Urban agglomerations and capital cities,"Censuses of 1957, 1970, 1991, 2000 and 2010.",Metropolitan area,Refers to the Greater Kuala Lumpur. Kuuala Lumpur is the capital and Putrajaya is the administrative capital.,Urban Population,1
1185,Malta,470,MLT,MT,21819,Valletta,Capital,Urban agglomerations and capital cities,"Censuses of 1957, 1967, 1985, 1995 and 2005; Estimate for 2016.",Urban Agglomeration,Refers to the localities of the Northern Harbour and Southern Harbour.,Urban Population,1
1196,Mexico,484,MEX,MX,21853,Ciudad de México (Mexico City),Capital,Urban agglomerations and capital cities,"Censuses of 1950, 1960, 1970, 1980, 1990, 2000 and 2010; Estimates for 2015 and 2015.",Metropolitan area,Refers to the total population in seventy-six municipalities of the Metropolitan Area of Mexico City.,Urban Population,1
1211,Mexico,484,MEX,MX,206483,La Laguna,Non-Capital,Urban agglomerations and capital cities,"Censuses of 1950, 1960, 1970, 1980, 1990, 2000 and 2010; Estimate for 2015.",Metropolitan area,"Includes Matamoros, Torreón, Gómez Palacio, and Lerdo.",Urban Population,1
1220,Mexico,484,MEX,MX,21855,Monterrey,Non-Capital,Urban agglomerations and capital cities,"Censuses of 1950, 1960, 1970, 1980, 1990, 2000 and 2010; Estimate for 2015.",Metropolitan area,"


",Urban Population,1
1224,Mexico,484,MEX,MX,21859,Orizaba,Non-Capital,Urban agglomerations and capital cities,"Censuses of 1950, 1960, 1970, 1980, 1990, 2000 and 2010; Estimate for 2015.",Metropolitan area,"
",Urban Population,1
1237,Mexico,484,MEX,MX,205567,Tlaxcala,Non-Capital,Urban agglomerations and capital cities,"Censuses of 1950, 1990, 2000 and 2010; Estimate for 2015.",Metropolitan area,Refers to Apizaco-Tlaxcala.,Urban Population,1
1248,Montenegro,499,MNE,ME,23256,Podgorica,Capital,Urban agglomerations and capital cities,"Censuses of 1953, 1961, 1971, 1981, 1991, 2003 and 2011.",City Proper,Refers to the urban population of Podgorica municipality.,Urban Population,1
1249,Montserrat,500,MSR,MS,204440,Brades Estate,Capital,Urban agglomerations and capital cities,"Census of 2011; UN Estimates for 1997, 1997 and 2001.",City Proper,"Due to volcanic activity, the former capital, Plymouth, was abandoned in 1997.",Urban Population,1
1257,Morocco,504,MAR,MA,21899,Rabat,Capital,Urban agglomerations and capital cities,"Censuses of 1952, 1960, 1971, 1982, 1994, 2004 and 2014.",Urban Agglomeration,Includes Salé and Temara.,Urban Population,1
1273,Nepal,524,NPL,NP,21928,Kathmandu,Capital,Urban agglomerations and capital cities,"Censuses of 1953, 1961, 1971, 1981, 1991, 2001 and 2011.",City Proper,Data refer to the municipality.,Urban Population,1
1278,Netherlands,528,NLD,NL,205146,s-Gravenhage (The Hague),Seat of Government,Urban agglomerations and capital cities,"Estimates for 2009 and 2011; Register of 1960, 1965, 1970, 1975, 1980, 1985, 1990, 1995, 2000 and 2005.",Urban Agglomeration,"Refers to the municipalities of s-Gravenhage, Leidschendam, Leidschendam-Voorburg, Rijswijk, Voorburg, Wassenaar, Wateringen.",Urban Population,1
1281,New Zealand,554,NZL,NZ,21957,Auckland,Non-Capital,Urban agglomerations and capital cities,"Censuses of 1951, 1956, 1961, 1966, 1971, 1976, 1986 and 1991; Estimates for 1996, 2001, 2006, 2011 and 2016.",Urban Agglomeration,The limits of the urban agglomeration have been modified between 2001 and 2006.,Urban Population,1
1283,New Zealand,554,NZL,NZ,21962,Wellington,Capital,Urban agglomerations and capital cities,"Censuses of 1951, 1956, 1961, 1966, 1971, 1976, 1986 and 1991; Estimates for 1996, 2001, 2006, 2011 and 2016.",Urban Agglomeration,The limits of the urban agglomeration have been modified between 2001 and 2006.,Urban Population,1
1287,Nigeria,566,NGA,NG,21974,Aba,Non-Capital,Urban agglomerations and capital cities,"Censuses of 1953, 1963, 1991 and 2006; UN Estimate for 1983.",Urban Agglomeration,"Data for 1953 and 1963 refer to city proper. Data for 1983, 1991 and 2006 refer to urban agglomeration.",Urban Population,1
1290,Nigeria,566,NGA,NG,21976,Abuja,Capital,Urban agglomerations and capital cities,"Censuses of 1991 and 2006; UN Estimates for 1953, 1963 and 2013.",Urban Agglomeration,"Data for 1953 and 1963 refer to city proper. Data for 1991, 2006 and 2013 refer to urban agglomeration.",Urban Population,1
1293,Nigeria,566,NGA,NG,21980,Bauchi,Non-Capital,Urban agglomerations and capital cities,Censuses of 1963 and 1991; Estimate for 2010.,Urban Agglomeration,Data for 1963 refers to city proper. Data for 1991 and 2010 refer to urban agglomeration.,Urban Population,1
1294,Nigeria,566,NGA,NG,21981,Benin City,Non-Capital,Urban agglomerations and capital cities,"Censuses of 1953, 1963, 1991 and 2006.",Urban Agglomeration,Data for 1953 and 1963 refer to city proper. Data for 1991 and 2006 refer to urban agglomeration.,Urban Population,1
1296,Nigeria,566,NGA,NG,21982,Calabar,Non-Capital,Urban agglomerations and capital cities,"Census of 1953; Estimates for 1970, 1980, 1990, 2000 and 2010.",Urban Agglomeration,"Data for 1953 and 1970 refer to city proper. Data for 1980, 1990, 2000 and 2010 refer to urban agglomeration.",Urban Population,1
1302,Nigeria,566,NGA,NG,21990,Ibadan,Non-Capital,Urban agglomerations and capital cities,"Censuses of 1953, 1963, 1991 and 2006.",Urban Agglomeration,Data for 1953 and 1963 refer to city proper. Data for 1991 and 2006 refer to urban agglomeration.,Urban Population,1
1309,Nigeria,566,NGA,NG,21998,Ilorin,Non-Capital,Urban agglomerations and capital cities,"Censuses of 1963, 1991 and 2006; UN Estimate for 1983.",Urban Agglomeration,"Data for 1963 refer to city proper. Data for 1983, 1991 and 2006 refer to urban agglomeration.",Urban Population,1
1310,Nigeria,566,NGA,NG,22003,Jos,Non-Capital,Urban agglomerations and capital cities,"Censuses of 1953, 1963, 1991 and 2006; UN Estimate for 1983.",Urban Agglomeration,"Data for 1953 and 1963 refer to city proper. Data for 1983, 1991 and 2006 refer to urban agglomeration.",Urban Population,1
1312,Nigeria,566,NGA,NG,22005,Kano,Non-Capital,Urban agglomerations and capital cities,"Censuses of 1953, 1963, 1991 and 2006; UN Estimate for 1983.",Urban Agglomeration,"Data for 1953 and 1963 refer to city proper. Data for 1983, 1991 and 2006 refer to urban agglomeration.",Urban Population,1
1315,Nigeria,566,NGA,NG,22007,Lagos,Non-Capital,Urban agglomerations and capital cities,"Censuses of 1953, 1963, 1991 and 2006; Estimates for 1971 and 2015.",Urban Agglomeration,Refers to Lagos State.,Urban Population,1
1319,Nigeria,566,NGA,NG,23540,Minna,Non-Capital,Urban agglomerations and capital cities,Censuses of 1963 and 1991; Estimate for 2010; UN Estimate for 1983.,Urban Agglomeration,"Data for 1963 refers to city proper. Data for 1983, 1991 and 2010 refer to urban agglomeration.",Urban Population,1
1325,Nigeria,566,NGA,NG,22013,Onitsha,Non-Capital,Urban agglomerations and capital cities,"Censuses of 1953, 1963, 1991 and 2006.",Urban Agglomeration,"Data for 1953, 1963 and 1991 refer to city proper. Data for 2006 refers to urban agglomeration.",Urban Population,1
1326,Nigeria,566,NGA,NG,22014,Oshogbo,Non-Capital,Urban agglomerations and capital cities,"Censuses of 1953, 1963 and 1991; Estimate for 2010.",Urban Agglomeration,Data for 1953 and 1963 refer to city proper. Data for 1991 and 2010 refer to urban agglomeration.,Urban Population,1
1329,Nigeria,566,NGA,NG,22018,Port Harcourt,Non-Capital,Urban agglomerations and capital cities,"Censuses of 1953, 1963, 1991 and 2006; UN Estimate for 1983.",Urban Agglomeration,"Data for 1953 and 1963 refer to city proper. Data for 1983, 1991 and 2006 refer to urban agglomeration.",Urban Population,1
1335,Nigeria,566,NGA,NG,22023,Warri,Non-Capital,Urban agglomerations and capital cities,"Census of 1953; Estimates for 1970, 1980, 1990, 2000 and 2010.",Urban Agglomeration,"Data for 1953 and 1970 refer to city proper. Data for 1980, 1990, 2000 and 2010 refer to urban agglomeration.",Urban Population,1
1336,Nigeria,566,NGA,NG,22024,Zaria,Non-Capital,Urban agglomerations and capital cities,"Censuses of 1953, 1963, 1991 and 2006; UN Estimate for 1983.",Urban Agglomeration,"Data for 1953 and 1963 refer to city proper. Data for 1983, 1991 and 2006 refer to urban agglomeration.",Urban Population,1
1338,Northern Mariana Islands,580,MNP,MP,22031,Saipan,Capital,Urban agglomerations and capital cities,"Censuses of 1980, 1990, 1995, 2000 and 2010; UN Estimates for 1950, 1958, 1967 and 1973.",Urban Agglomeration,"Refers to the island of Saipan. The capital is Garapan, located on that island. The population of Garapan was estimated at 3,983 in the year 2010.",Urban Population,1
1340,Oman,512,OMN,OM,21922,Masqat (Muscat),Capital,Urban agglomerations and capital cities,"Censuses of 1993, 2003 and 2010; Estimates for 1950, 1960 and 2016; UN Estimate for 2017.",Urban Agglomeration,"Refers to Muscat governorate, which consists of the Wilayas of Muscat, Mutrah, Bawshar, As Seeb, and Al Amrat (excluding Wilaya of Qurayyat).  For the year 2016, refers to the sum of Muscat, Mutrah, Bawshar and As Seeb.",Urban Population,1
1368,Panama,591,PAN,PA,22063,Ciudad de Panamá (Panama City),Capital,Urban agglomerations and capital cities,"Censuses of 1950, 1960, 1970, 1980, 1990, 2000 and 2010.",Urban Agglomeration,"Refers to the metropolitan area of Panama City, made up of the population of urban localities in the districts of Panamá, Arraijan, La Chorrera and San Miguelito. Data for 1980 includes the urban population in the district of Balboa.",Urban Population,1
1370,Paraguay,600,PRY,PY,22065,Asunción,Capital,Urban agglomerations and capital cities,"Censuses of 1950, 1962, 1972, 1982, 1992 and 2002; Estimates for 2008 and 2014.",Metropolitan area,Refers to the district of Asunción and the 19 districts of Central Department.,Urban Population,1
1378,Peru,604,PER,PE,22078,Lima,Capital,Urban agglomerations and capital cities,"Censuses of 1961, 1972, 1981, 1993 and 2007; Estimate for 2017.",Metropolitan area,Refers to the Province of Lima and the Constitutional Province of Callao.,Urban Population,1
1406,Philippines,608,PHL,PH,22109,Manila,Capital,Urban agglomerations and capital cities,"Censuses of 1960, 1970, 1975, 1980, 1990, 1995, 2000, 2007, 2010 and 2015.",Metropolitan area,Refers to the National Capital Region.,Urban Population,1
1422,Portugal,620,PRT,PT,22167,Lisboa (Lisbon),Capital,Urban agglomerations and capital cities,"Censuses of 1950, 1960, 1970, 1981, 1991, 2001 and 2011.",Metropolitan area,"Refers to Grande Lisboa, the Peninsula of Setúbal, and the municipality Azambuja.",Urban Population,1
1423,Portugal,620,PRT,PT,22168,Porto,Non-Capital,Urban agglomerations and capital cities,"Censuses of 1950, 1960, 1970, 1981, 1991, 2001 and 2011.",Urban Agglomeration,Refers to Grande Porto as defined in the 2011 census. This urban agglomeration dioes not reflect the recent expansion of Porto Metropolitan Area from 9 to 17 municipalities.,Urban Population,1
1425,Puerto Rico,630,PRI,PR,22177,San Juan,Capital,Urban agglomerations and capital cities,"Censuses of 1950, 1960, 1970, 1980, 1990, 2000 and 2010.",Metropolitan area,Refers to the Metropolitan Statistical Area. The limits of the agglomeration have been modified between 1980 and 1990.,Urban Population,1
1426,Qatar,634,QAT,QA,22179,Ad-Dawhah (Doha),Capital,Urban agglomerations and capital cities,"Censuses of 1986, 1997, 2004, 2010 and 2015; Estimates for 1962 and 1967; UN Estimates for 1956 and 1971.",Urban Agglomeration,Does not include the populations from the industrial area and zone 58.,Urban Population,1
1431,Republic of Korea,410,KOR,KR,21756,Bucheon,Non-Capital,Urban agglomerations and capital cities,"Censuses of 1975, 1980, 1985, 1990, 2000, 2005, 2010 and 2015; UN Estimate for 1955.",City Proper,Data refer to the urban population of the city.,Urban Population,1
1432,Republic of Korea,410,KOR,KR,21757,Busan,Non-Capital,Urban agglomerations and capital cities,"Censuses of 1955, 1960, 1966, 1970, 1975, 1985, 1990, 1995, 2000, 2005, 2010 and 2015.",Urban Agglomeration,Data refer to the urban population of the city.,Urban Population,1
1433,Republic of Korea,410,KOR,KR,21729,Changwon,Non-Capital,Urban agglomerations and capital cities,"Censuses of 1970, 1975, 1980, 1990, 1995, 2000, 2005, 2010 and 2015; UN Estimates for 1955 and 1966.",Urban Agglomeration,"Data refer to the cities of Changwon, Masan and Jinhen.",Urban Population,1
1434,Republic of Korea,410,KOR,KR,21730,Cheonan,Non-Capital,Urban agglomerations and capital cities,"Censuses of 1980, 1990, 1995, 2000, 2005, 2010 and 2015.",Urban Agglomeration,Data refer to the urban population of the city.,Urban Population,1
1435,Republic of Korea,410,KOR,KR,21731,Cheongju,Non-Capital,Urban agglomerations and capital cities,"Censuses of 1955, 1960, 1966, 1970, 1975, 1980, 1990, 2000, 2005 and 2010.",City Proper,Data refer to the urban population of the city.,Urban Population,1
1436,Republic of Korea,410,KOR,KR,21763,Daegu,Non-Capital,Urban agglomerations and capital cities,"Censuses of 1955, 1960, 1966, 1970, 1975, 1980, 1990, 2000, 2005 and 2010.",City Proper,Data refer to the urban population of the city.,Urban Population,1
1437,Republic of Korea,410,KOR,KR,21764,Daejon,Non-Capital,Urban agglomerations and capital cities,"Censuses of 1955, 1960, 1966, 1970, 1975, 1980, 1990, 2000, 2005, 2010 and 2015.",City Proper,Data refer to the urban population of the city.,Urban Population,1
1438,Republic of Korea,410,KOR,KR,21745,Gimhae,Non-Capital,Urban agglomerations and capital cities,"Censuses of 1980, 1990, 2000, 2005 and 2010.",City Proper,Data refer to the urban population of the city.,Urban Population,1
1439,Republic of Korea,410,KOR,KR,23403,Goyang,Non-Capital,Urban agglomerations and capital cities,"Censuses of 1980, 1990, 2000, 2005, 2010 and 2015.",City Proper,Data refer to the urban population of the city.,Urban Population,1
1440,Republic of Korea,410,KOR,KR,21746,Gumi,Non-Capital,Urban agglomerations and capital cities,"Censuses of 1980, 1990, 2000, 2005 and 2010.",City Proper,Data refer to the urban population of the city.,Urban Population,1
1441,Republic of Korea,410,KOR,KR,21750,Gwangju,Non-Capital,Urban agglomerations and capital cities,"Censuses of 1955, 1960, 1966, 1970, 1975, 1980, 1990, 2000, 2005, 2010 and 2015.",City Proper,Data refer to the urban population of the city.,Urban Population,1
1442,Republic of Korea,410,KOR,KR,21751,Gwangmyeong,Non-Capital,Urban agglomerations and capital cities,"Censuses of 1970, 1985, 1990, 1995, 2000, 2005, 2010 and 2015.",City Proper,Data refer to the urban population of the city.,Urban Population,1
1443,Republic of Korea,410,KOR,KR,21741,Incheon,Non-Capital,Urban agglomerations and capital cities,"Censuses of 1955, 1960, 1966, 1970, 1975, 1980, 1990, 2000, 2005 and 2010.",City Proper,Data refer to the urban population of the city.,Urban Population,1
1444,Republic of Korea,410,KOR,KR,21735,Jeju,Non-Capital,Urban agglomerations and capital cities,"Censuses of 1955, 1960, 1966, 1970, 1975, 1980, 1990, 2000, 2005 and 2010.",City Proper,Data refer to the urban population of the city.,Urban Population,1
1445,Republic of Korea,410,KOR,KR,21738,Jeonju,Non-Capital,Urban agglomerations and capital cities,"Censuses of 1955, 1960, 1966, 1970, 1975, 1980, 1990, 2000, 2005, 2010 and 2015.",City Proper,Data refer to the urban population of the city.,Urban Population,1
1446,Republic of Korea,410,KOR,KR,21755,Pohang,Non-Capital,Urban agglomerations and capital cities,"Censuses of 1970, 1985, 1990, 2000, 2005 and 2010.",City Proper,Data refer to the urban population of the city.,Urban Population,1
1447,Republic of Korea,410,KOR,KR,21760,Seongnam,Non-Capital,Urban agglomerations and capital cities,"Censuses of 1975, 1980, 1995, 2000, 2005, 2010 and 2015.",Urban Agglomeration,Data refer to the urban population of the city.,Urban Population,1
1448,Republic of Korea,410,KOR,KR,21758,Seoul,Capital,Urban agglomerations and capital cities,"Censuses of 1955, 1960, 1966, 1970, 1975, 1980, 1990, 1995, 2000, 2005, 2010 and 2015.",Urban Agglomeration,Refers to Seoul Special City. Data refer to the urban population of the city.,Urban Population,1
1449,Republic of Korea,410,KOR,KR,21739,Siheung,Non-Capital,Urban agglomerations and capital cities,"Censuses of 1990, 2000, 2005, 2010 and 2015.",Urban Agglomeration,Data refer to the urban population of the city.,Urban Population,1
1450,Republic of Korea,410,KOR,KR,21762,Suweon,Non-Capital,Urban agglomerations and capital cities,"Censuses of 1955, 1960, 1966, 1970, 1975, 1980, 1985, 1990, 1995, 2000, 2005, 2010 and 2015.",Urban Agglomeration,Data refer to the urban population of the city.,Urban Population,1
1451,Republic of Korea,410,KOR,KR,21765,Uijeongbu,Non-Capital,Urban agglomerations and capital cities,"Censuses of 1966, 1970, 1975, 1980, 1985, 1990, 1995, 2000, 2005, 2010 and 2015.",Urban Agglomeration,Data refer to the urban population of the city.,Urban Population,1
1452,Republic of Korea,410,KOR,KR,21766,Ulsan,Non-Capital,Urban agglomerations and capital cities,"Censuses of 1966, 1970, 1975, 1980, 1985, 1990, 2000, 2005 and 2010.",City Proper,Data refer to the urban population of the city.,Urban Population,1
1453,Republic of Korea,410,KOR,KR,205365,Yongin,Non-Capital,Urban agglomerations and capital cities,"Censuses of 1980, 1990, 1995, 2000, 2005, 2010 and 2015.",Urban Agglomeration,Data refer to the urban population of the city.,Urban Population,1
1497,Russian Federation,643,RUS,RU,22341,Podolsk,Non-Capital,Urban agglomerations and capital cities,"Censuses of 1959, 1970, 1979, 1989, 2002 and 2010; Estimate for 2017.",City Proper,Includes Klimovsk and Lvovsky(L'vovskij).,Urban Population,1
1552,Senegal,686,SEN,SN,22439,Dakar,Capital,Urban agglomerations and capital cities,"Censuses of 1951, 1955, 1976, 1988, 2002 and 2013; Estimate for 1969; Sample Survey of 1961.",Urban Agglomeration,"Refers to the sum of the Departments of Dakar, Pikinie and Guédiawaye, in Dakar Region.",Urban Population,1
1554,Senegal,686,SEN,SN,22442,Thies,Non-Capital,Urban agglomerations and capital cities,"Censuses of 1951, 1976, 1988, 2002 and 2013; Estimate for 1954; Sample Survey of 1961.",City Proper,"Refers to the Arrondissement North and the Arrondissement South, in the Department of Thiès.",Urban Population,1
1555,Serbia,688,SRB,RS,23241,Beograd (Belgrade),Capital,Urban agglomerations and capital cities,"Censuses of 1953, 1961, 1971, 1981, 1991, 2002 and 2011; Estimate for 2015.",Urban Agglomeration,Refers to the urban population of Belgrade area.,Urban Population,1
1559,Sint Maarten (Dutch part),534,SXM,SX,206154,Philipsburg,Capital,Urban agglomerations and capital cities,"Censuses of 1960, 1972, 1981, 1992, 2001 and 2011; Estimate for 2016.",Urban Agglomeration,Refers to the total population of Sint Maarten.,Urban Population,1
1567,Somalia,706,SOM,SO,22477,Muqdisho (Mogadishu),Capital,Urban agglomerations and capital cities,"Census of 1975; Estimates for 1955, 1959, 1963, 1982, 1984 and 2001; Sample Survey of 2014; UN Estimates for 1991, 2007, 2007 and 2011.",Urban Agglomeration,Refers to the urban agglomeration of 1972.,Urban Population,1
1570,South Africa,710,ZAF,ZA,22482,Durban (Ethekwini),Non-Capital,Urban agglomerations and capital cities,"Censuses of 1951, 1960, 1970, 1991, 1996, 2001 and 2011.",Urban Agglomeration,Refers to the urban population of Ethekwini.,Urban Population,1
1571,South Africa,710,ZAF,ZA,22483,East London (Buffalo City),Non-Capital,Urban agglomerations and capital cities,"Censuses of 1951, 1960, 1970, 1985, 1991, 1996, 2001 and 2011.",Metropolitan area,Refers to the urban population of Buffalo City.,Urban Population,1
1574,South Africa,710,ZAF,ZA,22497,Pietermaritzburg (The Msunduzi),Non-Capital,Urban agglomerations and capital cities,"Censuses of 1951, 1960, 1970, 1985, 1991, 1996, 2001 and 2011.",Urban Agglomeration,Refers to the urban population of The Msunduzi.,Urban Population,1
1575,South Africa,710,ZAF,ZA,22498,Polokwane,Non-Capital,Urban agglomerations and capital cities,"Censuses of 1985, 1991, 1996, 2001 and 2011.",Urban Agglomeration,"
",Urban Population,1
1576,South Africa,710,ZAF,ZA,22499,Port Elizabeth (Nelson Mandela Bay),Non-Capital,Urban agglomerations and capital cities,"Censuses of 1951, 1960, 1970, 1985, 1991, 1996, 2001 and 2011.",Metropolitan area,Refers to the urban population of Nelson Mandela Bay,Urban Population,1
1580,South Africa,710,ZAF,ZA,22505,Vereeniging,Non-Capital,Urban agglomerations and capital cities,"Censuses of 1951, 1960, 1970, 1985, 1996, 2001 and 2011.",Urban Agglomeration,Refer to the urban population of Emfuleni.,Urban Population,1
1581,South Africa,710,ZAF,ZA,22507,West Rand,Non-Capital,Urban agglomerations and capital cities,"Censuses of 1951, 1960, 1970, 1985, 1991, 1996, 2001 and 2011.",Urban Agglomeration,"As of 1996, refers to the urban population of Mogale City, Merafong City, Randfontein and Westonaria.",Urban Population,1
1598,Sri Lanka,144,LKA,LK,20414,Colombo,Capital,Urban agglomerations and capital cities,"Censuses of 1953, 1963, 1971, 1981, 2001 and 2012; UN Estimate for 2014.",City Proper,"The 2012 census enumeration was done on the de jure basis, while the 2001 census enumeration was done on de facto basis.",Urban Population,1
1600,State of Palestine,275,PSE,PS,23562,Al-Quds[East Jerusalem],Capital,Urban agglomerations and capital cities,"Censuses of 1961, 1967 and 2007; Estimates for 1997 and 2016.",City Proper,Designation and data provided by the State of Palestine. The position of the United Nations on the question of Jerusalem is contained in General Assembly resolution 181 (II) and subsequent resolutions of the General Assembly and the Security Council concerning this question.,Urban Population,1
1609,Suriname,740,SUR,SR,22587,Paramaribo,Capital,Urban agglomerations and capital cities,"Censuses of 1950, 1964, 1971, 1980, 2004 and 2012.",Urban Agglomeration,Refers to the total population of District of Paramaribo.,Urban Population,1
1610,Swaziland,748,SWZ,SZ,22588,Mbabane,Capital,Urban agglomerations and capital cities,"Censuses of 1956, 1966, 1976, 1986 and 1997; UN Estimate for 2007.",City Proper,Mbabane is the administrative capital and Lobamba is the legislative capital.,Urban Population,1
1613,Sweden,752,SWE,SE,22597,Stockholm,Capital,Urban agglomerations and capital cities,"Censuses of 1950, 1960, 1965 and 1970; Estimates for 1970, 1980, 1990, 1995 and 2000; Register of 2005, 2010 and 2016.",Urban Agglomeration,"Refers to ""tätort"" (According to the administrative divisions of 2015).",Urban Population,1
1619,Syrian Arab Republic,760,SYR,SY,23570,Al-Hasakah,Non-Capital,Urban agglomerations and capital cities,"Censuses of 1960, 1970, 1981, 1994 and 2004; UN Estimates for 2010, 2014 and 2017.",City Proper,"Considering the situation in the country, recent estimates should be used with caution as they are not based on solid evidence.",Urban Population,1
1620,Syrian Arab Republic,760,SYR,SY,22607,Al-Raqqa,Non-Capital,Urban agglomerations and capital cities,"Censuses of 1960, 1970, 1981, 1994 and 2004; UN Estimates for 2010, 2014 and 2017.",City Proper,"Considering the situation in the country, recent estimates should be used with caution as they are not based on solid evidence.",Urban Population,1
1621,Syrian Arab Republic,760,SYR,SY,22611,Deir El-Zor(Deir ez-Zor),Non-Capital,Urban agglomerations and capital cities,"Censuses of 1960, 1970, 1981, 1994 and 2004; UN Estimates for 2010, 2014 and 2017.",City Proper,"Considering the situation in the country, recent estimates should be used with caution as they are not based on solid evidence.",Urban Population,1
1622,Syrian Arab Republic,760,SYR,SY,22610,Dimashq (Damascus),Capital,Urban agglomerations and capital cities,"Censuses of 1960, 1970, 1981, 1994 and 2004; UN Estimates for 2010, 2014 and 2017.",City Proper,"Considering the situation in the country, recent estimates should be used with caution as they are not based on solid evidence.",Urban Population,1
1623,Syrian Arab Republic,760,SYR,SY,22608,Halab (Aleppo),Non-Capital,Urban agglomerations and capital cities,"Censuses of 1960, 1970, 1981, 1994 and 2004; UN Estimates for 2010, 2014, 2016 and 2017.",Urban Agglomeration,"Considering the situation in the country, recent estimates should be used with caution as they are not based on solid evidence.",Urban Population,1
1624,Syrian Arab Republic,760,SYR,SY,22612,Hamah,Non-Capital,Urban agglomerations and capital cities,"Censuses of 1960, 1970, 1981, 1994 and 2004; UN Estimates for 2010, 2014 and 2017.",City Proper,"Considering the situation in the country, recent estimates should be used with caution as they are not based on solid evidence.",Urban Population,1
1625,Syrian Arab Republic,760,SYR,SY,22613,Hims (Homs),Non-Capital,Urban agglomerations and capital cities,"Censuses of 1960, 1970, 1981, 1994 and 2004; UN Estimates for 2010, 2014 and 2017.",City Proper,"Considering the situation in the country, recent estimates should be used with caution as they are not based on solid evidence.",Urban Population,1
1626,Syrian Arab Republic,760,SYR,SY,22614,Lattakia,Non-Capital,Urban agglomerations and capital cities,"Censuses of 1960, 1970, 1981, 1994 and 2004; UN Estimates for 2010, 2014 and 2017.",City Proper,"Considering the situation in the country, recent estimates should be used with caution as they are not based on solid evidence.",Urban Population,1
1627,Syrian Arab Republic,760,SYR,SY,206425,Tartus,Non-Capital,Urban agglomerations and capital cities,"Censuses of 1960, 1970, 1981, 1994 and 2004; UN Estimates for 2010, 2014 and 2017.",Urban Agglomeration,"Considering the situation in the country, recent estimates should be used with caution as they are not based on solid evidence.",Urban Population,1
1630,Thailand,764,THA,TH,205933,Buri Ram,Non-Capital,Urban agglomerations and capital cities,"Censuses of 1960, 1970, 1980, 2000 and 2010; UN Estimate for 2015.",Urban Agglomeration,Refers to the population of the urban agglomeration as of 2000.,Urban Population,1
1631,Thailand,764,THA,TH,205936,Chanthaburi,Non-Capital,Urban agglomerations and capital cities,"Censuses of 1960, 1970, 1980, 2000 and 2010.",Urban Agglomeration,Refers to the population of the urban agglomeration as of 2000.,Urban Population,1
1632,Thailand,764,THA,TH,22618,Chiang Mai,Non-Capital,Urban agglomerations and capital cities,"Censuses of 1960, 1970, 1980, 2000 and 2010; UN Estimate for 2015.",Urban Agglomeration,Refers to the population of the urban agglomeration as of 2000.,Urban Population,1
1633,Thailand,764,THA,TH,205937,Chiang Rai,Non-Capital,Urban agglomerations and capital cities,"Censuses of 1960, 1970, 1980, 2000 and 2010; UN Estimate for 2015.",Urban Agglomeration,Refers to the population of the urban agglomeration as of 2000.,Urban Population,1
1634,Thailand,764,THA,TH,22619,Chon Buri,Non-Capital,Urban agglomerations and capital cities,"Censuses of 1960, 1970, 1980, 2000 and 2010; UN Estimate for 2015.",Urban Agglomeration,Refers to the population of the urban agglomeration as of 2000.,Urban Population,1
1635,Thailand,764,THA,TH,205939,Kalasin,Non-Capital,Urban agglomerations and capital cities,"Censuses of 1960, 1970, 1980, 2000 and 2010; UN Estimate for 2015.",Urban Agglomeration,Refers to the population of the urban agglomeration as of 2000.,Urban Population,1
1638,Thailand,764,THA,TH,204121,Lampang,Non-Capital,Urban agglomerations and capital cities,"Censuses of 1960, 1970, 1980, 2000 and 2010; UN Estimate for 2015.",Urban Agglomeration,Refers to the population of the urban agglomeration as of 2000.,Urban Population,1
1639,Thailand,764,THA,TH,205987,Lamphun,Non-Capital,Urban agglomerations and capital cities,"Censuses of 1960, 1970, 1980, 2000 and 2010; UN Estimate for 2015.",Urban Agglomeration,Refers to the population of the urban agglomeration as of 2000.,Urban Population,1
1640,Thailand,764,THA,TH,205943,Lop Buri,Non-Capital,Urban agglomerations and capital cities,"Censuses of 1960, 1970, 1980, 2000 and 2010.",Urban Agglomeration,Refers to the population of the urban agglomeration as of 2000.,Urban Population,1
1641,Thailand,764,THA,TH,205945,Nakhon Pathom,Non-Capital,Urban agglomerations and capital cities,"Censuses of 1960, 1970, 1980, 2000 and 2010.",Urban Agglomeration,Refers to the population of the urban agglomeration as of 2000.,Urban Population,1
1642,Thailand,764,THA,TH,22621,Nakhon Ratchasima,Non-Capital,Urban agglomerations and capital cities,"Censuses of 1960, 1970, 1980, 2000 and 2010.",Urban Agglomeration,Refers to the population of the urban agglomeration as of 2000.,Urban Population,1
1643,Thailand,764,THA,TH,22624,Nonthaburi,Non-Capital,Urban agglomerations and capital cities,"Censuses of 1970, 1990, 2000 and 2010; UN Estimates for 1960 and 2015.",Urban Agglomeration,Refers to the population of the urban agglomeration as of 2000.,Urban Population,1
1644,Thailand,764,THA,TH,205949,Pathum Thani,Non-Capital,Urban agglomerations and capital cities,"Censuses of 1960, 2000 and 2010; UN Estimate for 2015.",Urban Agglomeration,Refers to the population of the urban agglomeration as of 2000.,Urban Population,1
1645,Thailand,764,THA,TH,205956,Phra Nakhon Si Ayutthaya,Non-Capital,Urban agglomerations and capital cities,"Censuses of 1960, 1970, 1980, 2000 and 2010; UN Estimate for 2015.",Urban Agglomeration,Refers to the population of the urban agglomeration as of 2000.,Urban Population,1
1646,Thailand,764,THA,TH,205958,Phuket,Non-Capital,Urban agglomerations and capital cities,"Censuses of 1960, 1970, 1980, 2000 and 2010; UN Estimate for 2015.",Urban Agglomeration,Refers to the population of the urban agglomeration as of 2000.,Urban Population,1
1647,Thailand,764,THA,TH,205960,Ratchaburi,Non-Capital,Urban agglomerations and capital cities,"Censuses of 1960, 1970, 1980, 2000 and 2010.",Urban Agglomeration,Refers to the population of the urban agglomeration as of 2000.,Urban Population,1
1648,Thailand,764,THA,TH,204120,Rayong,Non-Capital,Urban agglomerations and capital cities,"Censuses of 1960, 1970, 1980, 2000 and 2010; UN Estimate for 2015.",Urban Agglomeration,Refers to the population of the urban agglomeration as of 2000.,Urban Population,1
1649,Thailand,764,THA,TH,205961,Roi Et,Non-Capital,Urban agglomerations and capital cities,"Censuses of 1960, 1970, 1980, 2000 and 2010; UN Estimate for 2015.",Urban Agglomeration,Refers to the population of the urban agglomeration as of 2000.,Urban Population,1
1650,Thailand,764,THA,TH,205963,Sakon Nakhon,Non-Capital,Urban agglomerations and capital cities,"Censuses of 1960, 1970, 1980, 2000 and 2010; UN Estimate for 2015.",Urban Agglomeration,Refers to the population of the urban agglomeration as of 2000.,Urban Population,1
1651,Thailand,764,THA,TH,204118,Samut Prakan,Non-Capital,Urban agglomerations and capital cities,"Censuses of 1960, 1970, 1980, 2000 and 2010; UN Estimate for 2015.",Urban Agglomeration,Refers to the population of the urban agglomeration as of 2000.,Urban Population,1
1652,Thailand,764,THA,TH,205974,Samut Sakhon,Non-Capital,Urban agglomerations and capital cities,"Censuses of 1960, 1970, 1980, 2000 and 2010; UN Estimate for 2015.",Urban Agglomeration,Refers to the population of the urban agglomeration as of 2000.,Urban Population,1
1653,Thailand,764,THA,TH,22626,Songkhla,Non-Capital,Urban agglomerations and capital cities,"Censuses of 1960, 1970, 1980, 2000 and 2010; UN Estimate for 2015.",Urban Agglomeration,Refers to the population of the urban agglomeration as of 2000.,Urban Population,1
1654,Thailand,764,THA,TH,205967,Suphan Buri,Non-Capital,Urban agglomerations and capital cities,"Censuses of 1960, 1970, 1980, 2000 and 2010.",Urban Agglomeration,Refers to the population of the urban agglomeration as of 2000.,Urban Population,1
1655,Thailand,764,THA,TH,204122,Surat Thani,Non-Capital,Urban agglomerations and capital cities,"Censuses of 1960, 1970, 1980, 2000 and 2010; UN Estimate for 2015.",Urban Agglomeration,Refers to the population of the urban agglomeration as of 2000.,Urban Population,1
1656,Thailand,764,THA,TH,22627,Ubon Ratchathani,Non-Capital,Urban agglomerations and capital cities,"Censuses of 1960, 1970, 1980, 1990, 2000 and 2010; UN Estimate for 2015.",Urban Agglomeration,Refers to the population of the urban agglomeration as of 2000.,Urban Population,1
1657,Thailand,764,THA,TH,204119,Udon Thani,Non-Capital,Urban agglomerations and capital cities,"Censuses of 1960, 1970, 1980, 2000 and 2010.",Urban Agglomeration,Refers to the population of the urban agglomeration as of 2000.,Urban Population,1
1660,Tokelau,772,TKL,TK,22629,Tokelau,Others,Urban agglomerations and capital cities,"Censuses of 1982,1986,1991,1996,2001,2006 and 2011.",City Proper,"Tokelau is a non-self-governing territory of New Zealand and the ""city"" of Tokelau does not exist. The ""capital"" rotates yearly between the three atolls of Atafu, Fakaofo and Nukunomu, each with fewer than 520 inhabitants in 2016. Each atoll has its own administrative centre.",Urban Population,1
1662,Trinidad and Tobago,780,TTO,TT,22631,Port of Spain,Capital,Urban agglomerations and capital cities,"UN Estimates for 1980, 2000 and 2011.",Metropolitan area,"The populaiton of Port of Spain defined as ""city proper"" was estimated at 37, 522 inhabitants in 2011.",Urban Population,1
1663,Tunisia,788,TUN,TN,22644,Safaqis,Non-Capital,Urban agglomerations and capital cities,"Censuses of 1956, 1966, 1975, 1984, 2004 and 2014.",Urban Agglomeration,"Data refer to population in ""communes"" in the Governorate of Sfax.

",Urban Population,1
1664,Tunisia,788,TUN,TN,22646,Tunis,Capital,Urban agglomerations and capital cities,"Censuses of 1956, 1966, 1984, 1994, 2004 and 2014.",Urban Agglomeration,"Refers to Grand Tunis, which consists of the communal (urban) populations in the Governorates of Tunis, Ariana and Ben Arous.",Urban Population,1
1666,Turkey,792,TUR,TR,22656,Ankara,Capital,Urban agglomerations and capital cities,"Censuses of 1950, 1955, 1960, 1965, 1970, 1975, 1980, 1985, 1990, 1997 and 2000; Register of 2011, 2014 and 2017.",Urban Agglomeration,"Refers to Altindag, Cankaya, Etimesgut, Golbasi, Keçioren, Mamak, Sincan and Yenimahalle.",Urban Population,1
1693,Turks and Caicos Islands,796,TCA,TC,22742,Cockburn Town,Capital,Urban agglomerations and capital cities,"Censuses of 1960, 1970, 1975, 1980, 1990, 2001 and 2012.",Urban Agglomeration,Refers to the island of Grand Turk. The population of Cockburn Town was estimated at 116 in the year 2001.,Urban Population,1
1695,Uganda,800,UGA,UG,22744,Kampala,Capital,Urban agglomerations and capital cities,"Censuses of 1959, 1969, 1980, 1991 and 2014.",Urban Agglomeration,"Data for 2014 also includes Kira, Makindye Ssabagabo and Nansana. The population of Kampala (city proper) was reported as 1,507,080 in 2014. 
",Urban Population,1
1718,United Kingdom,826,GBR,GB,22835,Birmingham (West Midlands),Non-Capital,Urban agglomerations and capital cities,"Censuses of 1951, 1961, 1971, 1981, 1991, 2001 and 2011; Estimate for 2016.",Urban Agglomeration,"For Birmingham, Manchester, and Newcastle upon Tyne, data from 1951 to 1971 refer to Conurbation, while data from 1981 to 2016 refer to Urban area (including Greater Manchester). For Birmingham (West Midlands) the limits of the urban area have been modified in 2011. For Sunderland, data from 1951 to 1981 refer to Sunderland and Whitburn urban areas, while data from 1991 to 2011 refer to Sunderland, Whitburn, Washington, Chester-le-Street and 9 other sub-divisions of the urban agglomeration. The limits of the urban agglomerations of Newport and Reading-Wokingham have been modified between 1981 and 1991.",Urban Population,1
1725,United Kingdom,826,GBR,GB,204765,Glasgow,Non-Capital,Urban agglomerations and capital cities,"Censuses of 1951, 1961, 1971, 2001 and 2011; Estimates for 1981 and 2016.",Metropolitan area,"Data from 1951 to 1981 refer to Conurbation, while data from 1991 to 2016 refer to Urban area.",Urban Population,1
1728,United Kingdom,826,GBR,GB,22859,Liverpool,Non-Capital,Urban agglomerations and capital cities,"Censuses of 1951, 1961, 1971, 1991, 2001 and 2011; Estimate for 2016.",Urban Agglomeration,"Data from 1951 to 1981 refer to Conurbation, while data from 1991 to 2016 refer to Urban area.",Urban Population,1
1729,United Kingdom,826,GBR,GB,22860,London,Capital,Urban agglomerations and capital cities,"Censuses of 1951, 1961, 1971 and 1981; Estimates for 1990, 2001, 2006, 2011 and 2016.",Urban Agglomeration,"Data for 1951, 1961 and 1971 refer to ""Conurbation"". Data from 1981 onwards refer to ""Urban area"" (Greater London).",Urban Population,1
1730,United Kingdom,826,GBR,GB,22862,Manchester,Non-Capital,Urban agglomerations and capital cities,"Censuses of 1951, 1961, 1971, 1981, 1991, 2001 and 2011; Estimate for 2016.",Metropolitan area,"For Birmingham, Manchester, and Newcastle upon Tyne, data from 1951 to 1971 refer to Conurbation, while data from 1981 to 2016 refer to Urban area (including Greater Manchester). For Birmingham (West Midlands) the limits of the urban area have been modified in 2011. For Sunderland, data from 1951 to 1981 refer to Sunderland and Whitburn urban areas, while data from 1991 to 2011 refer to Sunderland, Whitburn, Washington, Chester-le-Street and 9 other sub-divisions of the urban agglomeration. The limits of the urban agglomerations of Newport and Reading-Wokingham have been modified between 1981 and 1991.",Urban Population,1
1731,United Kingdom,826,GBR,GB,22887,Newcastle upon Tyne,Non-Capital,Urban agglomerations and capital cities,"Censuses of 1951, 1961, 1971, 1981, 1991, 2001 and 2011; Estimate for 2016.",Urban Agglomeration,"For Birmingham, Manchester, and Newcastle upon Tyne, data from 1951 to 1971 refer to Conurbation, while data from 1981 to 2016 refer to Urban area (including Greater Manchester). For Birmingham (West Midlands) the limits of the urban area have been modified in 2011. For Sunderland, data from 1951 to 1981 refer to Sunderland and Whitburn urban areas, while data from 1991 to 2011 refer to Sunderland, Whitburn, Washington, Chester-le-Street and 9 other sub-divisions of the urban agglomeration. The limits of the urban agglomerations of Newport and Reading-Wokingham have been modified between 1981 and 1991.",Urban Population,1
1732,United Kingdom,826,GBR,GB,22865,Newport,Non-Capital,Urban agglomerations and capital cities,"Censuses of 1951, 1961, 1971, 1981, 1991, 2001 and 2011; Estimate for 2016.",Urban Agglomeration,"For Birmingham, Manchester, and Newcastle upon Tyne, data from 1951 to 1971 refer to Conurbation, while data from 1981 to 2016 refer to Urban area (including Greater Manchester). For Birmingham (West Midlands) the limits of the urban area have been modified in 2011. For Sunderland, data from 1951 to 1981 refer to Sunderland and Whitburn urban areas, while data from 1991 to 2011 refer to Sunderland, Whitburn, Washington, Chester-le-Street and 9 other sub-divisions of the urban agglomeration. The limits of the urban agglomerations of Newport and Reading-Wokingham have been modified between 1981 and 1991.",Urban Population,1
1735,United Kingdom,826,GBR,GB,22874,Reading-Wokingham,Non-Capital,Urban agglomerations and capital cities,"Censuses of 1951, 1961, 1971, 1981, 1991, 2001 and 2011; Estimate for 2016.",Urban Agglomeration,"For Birmingham, Manchester, and Newcastle upon Tyne, data from 1951 to 1971 refer to Conurbation, while data from 1981 to 2016 refer to Urban area (including Greater Manchester). For Birmingham (West Midlands) the limits of the urban area have been modified in 2011. For Sunderland, data from 1951 to 1981 refer to Sunderland and Whitburn urban areas, while data from 1991 to 2011 refer to Sunderland, Whitburn, Washington, Chester-le-Street and 9 other sub-divisions of the urban agglomeration. The limits of the urban agglomerations of Newport and Reading-Wokingham have been modified between 1981 and 1991.",Urban Population,1
1740,United Kingdom,826,GBR,GB,22881,Sunderland,Non-Capital,Urban agglomerations and capital cities,"Censuses of 1951, 1961, 1971, 1981, 1991, 2001 and 2011; Estimate for 2016.",Urban Agglomeration,"For Birmingham, Manchester, and Newcastle upon Tyne, data from 1951 to 1971 refer to Conurbation, while data from 1981 to 2016 refer to Urban area (including Greater Manchester). For Birmingham (West Midlands) the limits of the urban area have been modified in 2011. For Sunderland, data from 1951 to 1981 refer to Sunderland and Whitburn urban areas, while data from 1991 to 2011 refer to Sunderland, Whitburn, Washington, Chester-le-Street and 9 other sub-divisions of the urban agglomeration. The limits of the urban agglomerations of Newport and Reading-Wokingham have been modified between 1981 and 1991.",Urban Population,1
1897,Uruguay,858,URY,UY,23193,Montevideo,Capital,Urban agglomerations and capital cities,"Censuses of 1963, 1975, 1985, 1996, 2004 and 2011.",Metropolitan area,Data from 1963 to 1985 refer to the department of Montevideo and localities of the department of Canelones. Data from 1996 to 2011 refer to the department of Montevideo and localities of the departments of Canelones and San José (Cerámicas del Sur and Ciudad del Plata).,Urban Population,1
1909,Venezuela (Bolivarian Republic of),862,VEN,VE,23217,Caracas,Capital,Urban agglomerations and capital cities,"Censuses of 1950, 1961, 1971, 1981, 1990, 2001 and 2011; Estimate for 2015.",Metropolitan area,"Refers to the Municipality of El Libertador in the Federal District, the Municipality of Sucre in the State of Miranda, and the parishes of Carrizal (Municipality of Carrizal), Cecilio Acosta (Municipality of Guaicaipuro), and San Antonio (Municipality of Las Salias) in the State of Miranda.",Urban Population,1
1923,Viet Nam,704,VNM,VN,22457,Hà Noi,Capital,Urban agglomerations and capital cities,"Censuses of 1979, 1989, 1999 and 2009; Estimate for 1960.",Urban Agglomeration,Data refer to urban population in the city districts. Data after 2008 include urban population in former Ha Tay Province.,Urban Population,1
1938,Yemen,887,YEM,YE,23239,Sana'a',Capital,Urban agglomerations and capital cities,"Censuses of 1975, 1986, 1994 and 2004; Estimates for 1950, 1960 and 2009.",Urban Agglomeration,"Data for 1950,1960 and 1975 refer to city proper. Data for 1986,1994 ,2004 and 2009 refer to urban agglomeration.",Urban Population,1
